Company Code,Company Name,Category,Registration Status,Validity Period,Bumiputera Status,Bumiputera Validity,Certificate No,Classifications
SA20180908,A.I.D ENTERPRISE,Works,Valid,30/07/2027,yes,30/07/2027,,"E-I-1, E-II-5a, E-II-7, E-IV-1a, E-IV-1b, E-IV-2a, E-IV-3, E-IV-4a, E-IV-4b, E-VI-5iia, E-VI-5b"
816/04,AB GENERAL TRADING & CONTRACTOR,Works,Expired,31/12/2025,yes,31/12/2025,UPK-K/12191,"F-II-1a, F-II-1b, F-II-1c, F-II-2a, F-II-2b, F-II-5a, F-II-5b, F-II-5c, F-II-6a, F-II-6b"
SA20161484,ADUN ENTERPRISE,Works,Valid,22/10/2027,yes,22/10/2027,UPK-K/14362,"F-II-5a, F-II-5b, F-II-5c, F-II-6a, F-II-6b"
SA2014312,AHZA GENERAL WORK,Works,Valid,18/10/2026,yes,18/10/2026,UPK-K/11920,"D-I-1, D-I-4a, D-I-4b, D-I-4c"
SA20151553,AJ ENTERPRISE,Works,Expired,20/02/2021,yes,20/02/2021,UPK-K/11335,"F-II-1a, F-II-1b, F-II-1c, F-II-1d, F-II-2a, F-II-2b, F-II-3a, F-II-3b, F-II-3c, F-II-4, F-II-5a, F-II-5b, F-II-5c, F-II-6, F-II-6a, F-II-6b, F-II-7, F-II-8, F-II-9, F-II-10a, F-II-10b, F-II-10c, F-II-10d, F-II-10e, F-II-11"
SA2012778,AKIAWAS COMPANY,Works,Valid,10/10/2026,yes,10/10/2026,UPK-K/11305,"E-III-1a, E-III-1b, E-III-1c, E-III-1d, E-III-1e, E-III-2a, E-III-2b, E-III-2c, E-III-2d, E-III-3a, E-III-3b, E-III-3c, E-III-4a, E-III-4b, E-III-4c, F-I-1, F-II-5a, F-II-5b, F-II-5c"
SBU/1099/06,AKMAL ENTERPRISE,Works,Valid,,yes,,UPKJ/W/003959,"B-I-1, B-I-3ia, B-I-3iia, B-I-3b, B-I-3c, B-II-1a, B-II-1c, B-II-2a, B-II-2b, B-II-5a, B-II-5b, B-II-5c, B-II-6a, B-III-1a, B-III-1b, B-III-1c, B-III-1d, B-III-1e, B-III-2a, B-III-2b, B-III-2c, B-III-2d, B-III-3a, B-III-3b, B-III-3c, B-III-4a, B-III-4b, B-III-4c, B-IV-1a, B-IV-1b, B-IV-2a, B-IV-2b, B-IV-3, B-IV-4a, B-IV-4b"
SA20160228,ALICEZA ENTERPRISE,Works,Expired,10/3/2026,yes,10/3/2026,UPK-K/10486,"F-II-1a, F-II-1b, F-II-1c, F-II-2a, F-II-2b, F-II-5a, F-II-5b, F-II-5c, F-II-6a, F-II-6b"
SA20191201,ALLIPAH ENTERPRISE,Works,Expired,8/3/2026,yes,8/3/2026,UPKJ/W/006142,"E-I-1, E-I-2iic, E-I-3iia, E-II-1a, E-II-1b, E-II-1c, E-II-2a, E-II-2b, E-II-5a, E-II-5b, E-II-5c, E-II-6a, E-II-6b, E-II-7, E-III-1a, E-III-1b, E-III-1d, E-III-2b, E-III-2d, E-III-3a, E-III-3c, E-III-4a, E-VI-5ia, E-VI-5iia, E-VI-5b, E-VI-5c, E-VI-5d, E-VI-6"
706/04,AMR ENTERPRISE,Works,Expired,5/7/2019,yes,5/7/2019,UPKJ-K/05322,"F-II-1a, F-II-1b, F-II-1c, F-II-1d, F-II-2a, F-II-2b, F-II-3a, F-II-3b, F-II-3c, F-II-4, F-II-5a, F-II-5b, F-II-5c, F-II-6, F-II-6a, F-II-6b, F-II-7, F-II-8, F-II-9, F-II-10a, F-II-10b, F-II-10c, F-II-10d, F-II-10e, F-II-11"
SA20190868,AMS COMPANY,Works,Valid,22/06/2027,yes,22/06/2027,UPKJ/W/001389,"F-II-1b, F-II-1c, F-II-5a, F-II-5b, F-II-5c, F-II-6a, F-II-6b, F-III-1a, F-III-1b, F-III-1d, F-III-1e, F-III-2a, F-III-1a"
962/04,AMZAR ENTERPRISE,Works,Valid,24/05/2026,yes,24/05/2026,UPK-K/05462,"F-I-1, F-I-2ib, F-I-2iib, F-I-2iic, F-I-3iia, F-II-1a, F-II-1b, F-II-1c, F-II-2a, F-II-2b, F-II-5a, F-II-5b, F-II-5c, F-II-6a, F-II-6b, F-II-7, F-III-1a, F-III-1b, F-III-1c, F-III-1d, F-III-1e, F-III-2a"
SA20160508,ANGELA ENTERPRISE,Works,Valid,30/04/2026,yes,30/04/2026,UPK-K/11755,"F-II-1a, F-II-1b, F-II-1c, F-II-2a, F-II-2b, F-II-5a, F-II-5b, F-II-5c, F-II-6a, F-II-6b, F-II-7, E-I-1, E-I-2ia, E-I-2iia, E-I-2ib, E-I-2iib, E-I-2iic, E-I-3ia, E-I-3iia, E-I-3b, E-I-3c, E-III-1a, E-III-1b, E-III-1c, E-III-1d, E-III-1e, E-III-2a, E-III-2b, E-III-2c, E-III-2d, E-III-3a, E-III-3b, E-III-3c, E-III-4a, E-III-4b, E-III-4c, E-IV-1a, E-IV-1b, E-IV-2a, E-IV-2b, E-IV-3, E-IV-4a, E-IV-4b"
154/84,ANGKAH AK EMBOL KONTRAKTOR,Works,Valid,11/2/2027,yes,11/2/2027,UPK-K/04816,"F-I-1, F-II-1a, F-II-1b, F-II-1c, F-II-2a, F-II-2b, F-II-5a, F-II-5b, F-II-5c, F-II-6a, F-II-6b, F-III-1a, F-III-1b, F-III-1c, F-III-1d, F-III-1e, F-III-2a"
SA20151645,ANIQ ENTERPRISE,Works,Expired,17/11/2019,yes,17/11/2019,UPK-K/09394,"F-II-1a, F-II-1b, F-II-1c, F-II-1d, F-II-2a, F-II-2b, F-II-3a, F-II-3b, F-II-3c, F-II-4, F-II-5a, F-II-5b, F-II-5c, F-II-6, F-II-6a, F-II-6b, F-II-7, F-II-8, F-II-9, F-II-10a, F-II-10b, F-II-10c, F-II-10d, F-II-10e, F-II-11"
50/01,ARRZU ENTERPRISE,Works,Valid,20/11/2026,yes,20/11/2026,UPK-K/11652,"F-II-5a, F-II-5b, F-II-5c, F-II-6a, F-II-6b"
SBU/BNR/071/2021,ASIACORP SYNERGY RESOURCES CO,Works,Expired,30/10/2025,yes,30/10/2025,,"E-I-1, E-I-2ia, E-I-2iia, E-I-2ib, E-I-2iib, E-I-2ic, E-I-2iic, E-I-3ia, E-I-3iia, E-I-3b, E-I-3c, E-I-4a, E-I-4b, E-I-4c, E-I-4d, E-I-5a, E-I-5b, E-I-6, E-I-7, E-I-8, E-II-1a, E-II-1b, E-II-1c, E-II-2a, E-II-2b, E-II-5a, E-II-5b, E-II-5c, E-II-6a, E-II-6b, E-II-7, E-III-1a, E-III-1b, E-III-1c, E-III-1d, E-III-1e, E-III-2a, E-III-2b, E-III-2c, E-III-2d, E-III-3a, E-III-3b, E-III-3c, E-III-4a, E-III-4b, E-III-4c, E-IV-1a, E-IV-1b, E-IV-2a, E-IV-3, E-IV-4a, E-IV-4b, E-VI-5b"
SA20111096,ASTANA CAHAYA DEVELOPMENT,Works,Expired,10/12/2025,yes,10/12/2025,UPK-K/14253,"D-I-1, D-II-1a, D-II-1b, D-II-1c, D-II-2a, D-II-2b, D-II-5a, D-II-5b, D-II-5c, D-II-6a, D-II-6b, D-III-3a, D-III-3b, D-III-1a"
SA20171260,AVES ENTERPRISE,Works,Valid,6/6/2027,yes,6/6/2027,UPKJ/W/001229,"F-I-1, F-I-2ib, F-I-2iib, F-I-2iic, F-I-3ia, F-I-3iia, F-I-3b, F-I-3c, F-II-1a, F-II-1b, F-II-1c, F-II-2a, F-II-2b, F-II-5a, F-II-5b, F-II-5c, F-II-6a, F-II-6b, F-II-7"
SBU/BNR/1344/2021,AXTRACOPS ENTERPRISE,Works,Valid,5/3/2027,yes,5/3/2027,UPKJ/W/005226,"F-II-5a, F-II-5b, F-II-5c, F-II-6a, F-II-7"
SA2008795,AZIZ TRADING & SERVICES,Works,Valid,3/8/2027,yes,3/8/2027,UPKJ/W/000421,"E-I-1, E-II-1a, E-II-1b, E-II-1c, E-II-2a, E-II-2b, E-II-5a, E-II-5b, E-II-5c, E-III-1a, E-III-1b, E-III-1c, E-III-1d, E-III-1e, E-III-2a, E-III-2b, E-III-2c, E-III-2d, E-III-3a, E-III-3b, E-III-3c, E-III-4a, E-III-4b, E-III-4c, E-IV-1a, E-IV-1b, E-IV-2a, E-IV-4a, E-IV-4b, E-VI-5b, E-VI-1, E-VI-1, E-VI-1, E-VI-1, E-VI-1, E-VI-1"
58/03,AZRIE ENTERPRISE,Works,Valid,15/09/2026,yes,15/09/2026,UPK-K/12291,"E-I-1, E-I-2ia, E-I-2iia, E-I-3iia, E-II-1a, E-II-1b, E-II-1c, E-II-2a, E-II-2b, E-II-5a, E-II-5b, E-II-5c, E-II-6a, E-II-6b, E-II-7, E-III-1a, E-III-1b, E-III-1d, E-III-1e, E-III-2a, E-III-2b, E-III-2c, E-III-2d, E-III-3a, E-III-3b, E-III-4a, E-III-4b, E-III-4c, E-IV-1b, E-IV-2a, E-IV-4a, E-IV-4b, E-VI-5b, E-VI-6"
REG-1C522900C8,B-TRU EMPIRE,Works,Valid,26/02/2027,yes,26/02/2027,UPKJ/W/006357,"F-I-1, F-II-5a, F-II-5b, F-II-5c, F-II-6a, F-II-6b, F-II-7, F-III-1a, F-III-1b, F-III-1c, F-III-1d, F-III-1e, F-III-2a"
SA20151694,BARAHIM ENTERPRISE,Works,Expired,22/10/2024,yes,22/10/2024,UPK-K/12293,"E-II-1a, E-II-1b, E-II-1c, E-II-2a, E-II-2b, E-II-5a, E-II-5b, E-II-5c, E-II-6a, E-II-6b, E-II-7, E-III-1a, E-III-1b, E-III-1c, E-III-1d, E-III-1e, E-III-2a, E-III-2b, E-III-2c, E-III-2d, E-III-4a, E-III-4b, E-III-4c, E-IV-1a, E-IV-1b, E-IV-2a, E-IV-3, E-IV-4a, E-IV-4b"
989/05,BELMADSHA ENTERPRISE,Works,Valid,31/08/2027,yes,31/08/2027,UPK-K/12102,"F-II-1a, F-II-1b, F-II-1c, F-II-2a, F-II-2b, F-II-5a, F-II-5b, F-II-5c, F-II-6a, F-II-6b, E-I-1, E-III-1a, E-III-1b, E-III-1d, E-III-2a, E-III-2b, E-III-2c, E-III-2d, E-III-3a, E-III-3b, E-III-3c, E-IV-4a, E-IV-4b"
SA20161432,BENUA JAYA,Works,Valid,6/8/2026,yes,6/8/2026,UPK-K/12127,"E-I-1, E-II-1a, E-II-1b, E-II-1c, E-II-2a, E-II-2b, E-II-5a, E-II-5b, E-II-5c, E-II-6a, E-II-6b, E-II-7, E-III-1a, E-III-1b, E-III-1d, E-III-2a, E-III-2b, E-III-2c, E-III-2d, E-III-3a, E-III-3b, E-III-3c"
SA2013869,BERJAYA TEGUH ENTERPRISE,Works,Valid,26/02/2027,yes,26/02/2027,UPKJ/W/004302,"E-I-1, E-I-3iia, E-II-1a, E-II-1b, E-II-1c, E-II-2a, E-II-2b, E-II-5a, E-II-5b, E-II-5c, E-II-6a, E-II-6b, E-II-7, E-III-1a, E-III-1b, E-III-1c, E-III-1d, E-III-1e, E-III-2a, E-III-2b, E-III-2c, E-III-2d, E-III-3a, E-III-3b, E-III-3c, E-III-4a, E-III-4b, E-III-4c, E-IV-1a, E-IV-1b, E-IV-2a, E-IV-3, E-IV-4a, E-IV-4b, E-VI-5b, E-VI-6"
471/81,BESI CONSTRUCTION COMPANY,Works,Expired,22/08/2025,yes,22/08/2025,UPKJ-K/08235,"F-II-1a, F-II-1b, F-II-1c, F-II-2a, F-II-2b, F-II-5a, F-II-5b, F-II-5c, F-II-6a, F-II-6b, F-III-1a, F-III-1b, F-III-1c, F-III-1d, F-III-1e, F-III-2a"
332/03,BETTA CLIMACURA ENTERPRISE,Works,Valid,11/10/2026,yes,11/10/2026,UPK-K/10823,"F-I-1, F-I-2ia, F-I-2iia, F-II-1a, F-II-1b, F-II-5a, F-II-5b, F-II-5c, F-II-7, F-III-1a, F-III-1b, F-III-1c, F-III-1d, F-III-1e"
SA20181084,BETUAH BELIMPAH ENTERPRISE,Works,Expired,7/8/2022,yes,7/8/2022,UPK-K/13728,"F-II-1a, F-II-1b, F-II-1c, F-II-1d, F-II-2a, F-II-2b, F-II-3a, F-II-3b, F-II-3c, F-II-4, F-II-5a, F-II-5b, F-II-5c, F-II-6, F-II-6a, F-II-6b, F-II-7, F-II-8, F-II-9, F-II-10a, F-II-10b, F-II-10c, F-II-10d, F-II-10e, F-II-11"
836/02,BIBI ENTERPRISE,Works,Valid,30/05/2027,yes,30/05/2027,UPK-K/12889,"E-I-1, E-I-2ia, E-I-2iia, E-I-2ib, E-I-2iib, E-II-5a, E-II-5b, E-II-5c, E-III-1a, E-III-1b, E-III-1c, E-III-1d, E-III-1e, E-III-2a, E-III-2b, E-III-2c, E-III-2d, E-III-3a, E-III-3b, E-III-3c, E-III-4a, E-III-4b, E-III-4c, E-VI-5ia, E-VI-5iia, E-VI-5b, E-VI-5c, E-VI-5d"
1120361-H,BORNEO HIGHLANDS TRADING SDN. BHD.,Works,Expired,25/12/2023,yes,25/12/2023,UPK-K/10903,"E-II-1a, E-II-5a, E-II-5c, E-IV-1b, E-IV-3"
SA20091289,BUMI CEMERLANG ENTERPRISE CO.,Works,Expired,18/03/2025,yes,18/03/2025,UPK-K/08487,"F-I-1, F-II-1a, F-II-1b, F-II-1c, F-II-2a, F-II-2b, F-II-5a, F-II-5b, F-II-1a"
383/81,BUMIPUTRA MAJU JAYA,Works,Valid,20/06/2027,yes,20/06/2027,UPK-K/06396,"E-I-1, E-II-1a, E-II-1b, E-II-1c, E-II-2a, E-II-2b, E-II-5a, E-II-5b, E-II-5c, E-II-6, E-III-1a, E-III-1b, E-III-1c, E-III-1d, E-III-1e, E-III-2a, E-III-2b, E-III-2d, E-III-3a, E-III-3b, E-III-3c, E-IV-4a, E-IV-4b, E-VI-5a, E-VI-5b, E-VI-5c, E-VI-5d"
SA20160943,C.M WAI ENTERPRISE,Works,Valid,20/05/2026,yes,20/05/2026,UPK-K/11683,"F-I-1, F-I-2iib, F-II-1a, F-II-1b, F-II-1c, F-II-2a, F-II-2b, F-II-5a, F-II-5b, F-II-5c, F-II-6a"
SA2013830,CAHAYA MAZTINA ENTERPRISE,Works,Valid,22/04/2027,yes,22/04/2027,UPKJ/W/004639,"F-II-5a, F-II-1a, F-II-5b, F-II-5c"
SA20161088,CAHAYA PENASU,Works,Valid,17/01/2027,yes,17/01/2027,UPK-K/12650,"F-I-1, F-II-1a, F-II-1b, F-II-1c, F-II-2a, F-II-2b, F-II-5a, F-II-5b, F-II-5c, F-II-6a, F-II-7, F-III-1a, F-III-1b, F-III-1c, F-III-1d, F-III-1e, F-III-2a"
SA20170339,CAHAYA PUTERA,Works,Valid,22/06/2027,yes,22/06/2027,UPKJ/W/005776,"F-I-1, F-II-1a, F-II-1b, F-II-1c, F-II-2a, F-II-2b, F-II-5a, F-II-5b, F-II-5c, F-II-6, F-II-7, F-III-1a, F-III-1b, F-III-1c, F-III-1d, F-III-1e, F-III-2a"
SA20180150,CAHYA BUNGA ENTERPRISE,Works,Valid,7/12/2027,yes,7/12/2027,A/7456(),"F-II-5a, F-II-5b, F-II-1a"
SA20111631,CJNR GENERAL TRADING,Works,Valid,25/12/2026,yes,25/12/2026,UPK-K/11758,"F-II-1a, F-II-1b, F-II-1c, F-II-2a, F-II-2b, F-II-5a, F-II-5b, F-II-5c, F-II-6a, F-II-6b, E-I-1, E-I-2ia, E-I-2iia, E-I-2ib, E-I-2iib, E-I-2iic, E-I-3ia, E-I-3iia, E-I-3b, E-I-3c, E-III-1a, E-III-1b, E-III-1c, E-III-1d, E-III-1e, E-III-2a, E-III-2b, E-III-2c, E-III-2d, E-III-3a, E-III-3b, E-III-3c, E-III-4a, E-III-4b, E-III-4c"
SA20170398,CREATIVE CONSTRUCTION,Works,Valid,21/09/2026,yes,21/09/2026,UPK-K/16132,"C-II-1c, C-II-2a, C-II-2b, C-II-5a, C-II-5b, C-II-5c, C-II-6a, C-III-2a, C-III-2b, C-III-2c, C-III-2d, C-IV-2a, C-IV-4a, C-IV-4b"
SA20171022,D.N.K CONTRACTOR,Works,Valid,5/8/2027,yes,5/8/2027,UPK-K/13766,"E-II-5a, E-II-1a, D-I-1, D-III-1a, D-III-1b, D-III-1c, D-III-1d, D-III-1e, D-III-2a, D-III-2b, D-III-2c, D-III-2d, D-III-3a, D-III-3b, D-III-3c, D-IV-1b, D-IV-4b, D-VI-2, D-VI-5ia, D-VI-5iia, D-VI-5b, D-VI-5c, D-VI-5d"
1125424-V,DA VIRTUAL SDN. BHD.,Works,Valid,21/11/2026,yes,21/11/2026,UPKJ/W/002918,"D-I-1, E-II-1a, E-II-1b, E-II-1c, E-II-2a, E-II-2b, E-II-5a, E-II-5b, E-II-5c, E-II-6a, E-II-6b, E-II-7, E-III-1a"
SA2011293,DAO TA AAN ENTERPRISE,Works,Valid,18/02/2027,yes,18/02/2027,UPK-K/10869,"F-II-1a, F-II-1b, F-II-1c, F-II-2a, F-II-2b, D-III-1a, D-III-1b, D-III-1c, D-III-1d, D-III-1e, D-III-2a, D-III-2b, D-III-2c, D-III-2d, D-III-3a, D-III-3b, D-III-3c, E-I-1, E-I-2iia, E-IV-1a, E-IV-1b, E-IV-2a, E-IV-4a, E-IV-4b, E-VI-5iia, E-VI-5b, E-VI-5c, E-VI-5d, E-VI-6"
697/02,DAVID MAJANG ANAK SANG & CO.,Works,Valid,13/04/2027,yes,13/04/2027,UPK-K/09383,"E-II-1a, E-II-1b, E-II-2a, E-III-1a, E-III-1b, E-III-1d, E-III-1e, E-III-3a, E-III-3b, E-III-3c"
SA20151425,DAYA CAHAYA ENTERPRISE,Works,Expired,5/12/2022,yes,5/12/2022,UPK-K/11168,"F-I-2iib, F-II-5a, F-II-5c, F-III-1a, F-III-1d, F-III-1e"
829/02,DAYA URUS ENTERPRISE,Works,Expired,8/4/2021,yes,8/4/2021,UPK-K/07473,"F-II-1a, F-II-1b, F-II-1c, F-II-1d, F-II-2a, F-II-2b, F-II-3a, F-II-3b, F-II-3c, F-II-4, F-II-5a, F-II-5b, F-II-5c, F-II-6, F-II-6a, F-II-6b, F-II-7, F-II-8, F-II-9, F-II-10a, F-II-10b, F-II-10c, F-II-10d, F-II-10e, F-II-11"
SA20161193,DDF PAKOH ENTERPRISE,Works,Valid,8/8/2026,yes,8/8/2026,UPK-K/10348,"F-II-5a, F-III-1a, F-III-1b, F-III-1c, F-III-2a"
REG-0E8462E070,DF & A RICH VENTURE,Works,Valid,25/12/2026,yes,25/12/2026,UPKJ/W/004204,"E-II-5a, E-II-5b, E-II-1a"
SA20150146,DH-QURNIA,Works,Valid,14/11/2027,yes,14/11/2027,UPK-K/09342,"F-II-1a, F-II-1b, F-II-2a, F-II-2b, F-II-5a, F-II-5b, F-II-5c"
Feb-75,DINORMAN BERSAUDARA,Works,Expired,22/09/2022,yes,22/09/2022,UPKJ-K/08514,"F-II-1a, F-II-1b, F-II-1c, F-II-1d, F-II-2a, F-II-2b, F-II-3a, F-II-3b, F-II-3c, F-II-4, F-II-5a, F-II-5b, F-II-5c, F-II-6, F-II-6a, F-II-6b, F-II-7, F-II-8, F-II-9, F-II-10a, F-II-10b, F-II-10c, F-II-10d, F-II-10e, F-II-11"
SA2014078,DM3 SUPPLY & SERVICES,Works,Expired,14/10/2021,yes,14/10/2021,UPK-K/12228,"F-I-1, F-I-2ia, F-I-2iia, F-I-2ib, F-I-2iib, F-I-2ic, F-I-2iic, F-I-3ia, F-I-3iia, F-I-3b, F-I-3c, F-I-4a, F-I-4b, F-I-4c, F-I-4d, F-I-5a, F-I-5b, F-I-6, F-I-7, F-I-8, F-II-1a, F-II-1b, F-II-1c, F-II-1d, F-II-2a, F-II-2b, F-II-3a, F-II-3b, F-II-3c, F-II-4, F-II-5a, F-II-5b, F-II-5c, F-II-6, F-II-6a, F-II-6b, F-II-7, F-II-8, F-II-9, F-II-10a, F-II-10b, F-II-10c, F-II-10d, F-II-10e, F-II-11, F-III-1a, F-III-1b, F-III-1c, F-III-1d, F-III-1e, F-III-2a"
710/04,DOLTON ENTERPRISE,Works,Expired,30/12/2024,yes,30/12/2024,UPK-K/07856,"F-II-5b, F-II-5c, F-II-6a, F-II-6b"
SA2008710,DURIN ENTERPRISE,Works,Valid,23/01/2027,yes,23/01/2027,UPK-K/12594,"F-II-1a, F-II-1b, F-II-1c, F-II-2a, F-II-2b, F-II-5a, F-II-5b, F-II-5c, F-II-6a, F-II-6b, F-III-1a, F-III-1b, F-III-1d, F-III-1e, F-III-2a, E-I-1"
SA20121084,EHM KEJURUTERAAN SIBU,Works,Expired,4/9/2019,yes,4/9/2019,UPK-K/09137,"F-I-1, F-I-2ia, F-I-2iia, F-I-2ib, F-I-2iib, F-I-2ic, F-I-2iic, F-I-3ia, F-I-3iia, F-I-3b, F-I-3c, F-I-4a, F-I-4b, F-I-4c, F-I-4d, F-I-5a, F-I-5b, F-I-6, F-I-7, F-I-8, F-II-1a, F-II-1b, F-II-1c, F-II-1d, F-II-2a, F-II-2b, F-II-3a, F-II-3b, F-II-3c, F-II-4, F-II-5a, F-II-5b, F-II-5c, F-II-6, F-II-6a, F-II-6b, F-II-7, F-II-8, F-II-9, F-II-10a, F-II-10b, F-II-10c, F-II-10d, F-II-10e, F-II-11"
299/85,EJENSIS NORA,Works,Expired,14/04/2023,yes,14/04/2023,,F-I-1
SA20171007,EMPAJANG CONSTRUCTION,Works,Valid,18/02/2027,yes,18/02/2027,UPK-K/12328,"E-I-1, E-I-2ia, E-I-2iia, E-I-2ib, E-I-2iib, E-I-2iic, E-I-3ia, E-I-3iia, E-II-1a, E-II-1b, E-II-1c, E-II-2a, E-II-2b, E-II-5a, E-II-5b, E-II-5c, E-II-6a, E-II-6b, E-II-7, E-III-1a, E-III-1b, E-III-1c, E-III-1d, E-III-1e, E-III-2a, E-III-2b, E-III-2c, E-III-2d, E-III-3a, E-III-3b, E-III-3c, E-III-4a, E-III-4b, E-III-4c, E-IV-1a, E-IV-1b, E-IV-2a, E-IV-3, E-IV-4a, E-IV-4b, E-VI-5iia, E-VI-5b, E-VI-5c, E-VI-5d, E-VI-6"
105/04,EZACON,Works,Expired,7/1/2026,yes,7/1/2026,UPK-K/08377,"F-II-1a, F-II-1c, F-II-2a, F-II-2b, F-II-5a, F-II-5c, F-II-6a, F-II-6b, E-I-1, E-III-1a, E-III-1b, E-III-1d, E-III-1e, E-III-2a, E-III-2b, E-III-2c, E-III-2d, E-III-3a, E-III-3b, E-VI-1, E-VI-2"
SA2014129,FAMILYCO ENTERPRISE,Works,Valid,20/02/2027,yes,20/02/2027,UPK-K/12492,"E-IV-1a, E-IV-1b, E-IV-2a, E-IV-2b, E-IV-3, E-IV-4a, E-IV-4b, D-I-1, D-I-2ia, D-I-2iia, D-I-2ib, D-I-2iib, D-I-2iic, D-I-3ia, D-I-3iia, D-II-1a, D-II-1b, D-II-1c, D-II-2a, D-II-2b, D-II-3a, D-II-3b, D-II-3c, D-II-5a, D-II-5b, D-II-5c, D-II-6a, D-II-6b, D-II-7, D-III-1a, D-III-1b, D-III-1c, D-III-1d, D-III-1e, D-III-2a, D-III-2b, D-III-2c, D-III-2d, D-III-3a, D-III-3b, D-III-3c, D-III-4a, D-III-4b, D-III-4c, D-IV-1a, D-IV-1b, D-IV-2a, D-IV-4a, D-IV-4b"
SA20151365,FITRI ENTERPRISE,Works,Valid,25/12/2026,yes,25/12/2026,UPK-K/10972,"F-II-1a, F-II-1b, F-II-1c, F-II-2a, F-II-2b, F-II-5a, F-II-5b, F-II-5c, F-II-6a, F-II-6b, F-II-7, F-III-1a, F-III-1b, F-III-1c, F-III-1d, F-III-1e, F-III-2a"
REG-703A171195,FS JAYA CONSTRUCTION SDN BHD,Works,Expired,17/02/2025,yes,17/02/2025,UPKJ/W/005784,"C-I-1, C-I-2iia, C-I-2iib, C-I-2iic, C-I-3ia, C-I-3iia, C-I-3b, C-I-3c, C-I-4a, C-I-4b, C-I-4c, C-II-1a, C-II-1b, C-II-1c, C-II-2a, C-II-2b, C-II-3a, C-II-3b, C-II-3c, C-II-5a, C-II-5b, C-II-5c, C-II-6a, C-II-6b, C-II-7, C-III-1a, C-III-1b, C-III-1c, C-III-1d, C-III-1e, C-III-2a, C-III-2b, C-III-2c, C-III-2d, C-III-3a, C-III-3b, C-III-3c, C-III-4a, C-III-4b, C-III-4c, C-IV-1a, C-IV-1b, C-IV-2a, C-IV-2b, C-IV-3, C-IV-4a, C-IV-4b"
SA20161043,G & T ENTERPRISE,Works,Valid,19/01/2027,yes,19/01/2027,UPK-K/12754,"F-I-1, F-I-2ib, F-I-2iib, F-I-2iic, F-I-3ia, F-I-3iia, F-II-1a, F-II-1b, F-II-1c, F-II-2a, F-II-2b, F-II-5a, F-II-5b, F-II-5c, F-II-6a, F-II-6b, F-II-7, F-III-1a, F-III-1b, F-III-1c, F-III-1d, F-III-1e, F-III-2a"
SA20150665,GENDIE ENTERPRISE,Works,Valid,15/10/2026,yes,15/10/2026,UPK-K/10625,"F-I-1, F-II-1a, F-II-1b, F-II-1c, F-II-2a, F-II-2b, F-II-5a, F-II-5b, F-II-5c, F-II-6a, F-II-6b, F-II-7, F-III-1a, F-III-1b, F-III-1c, F-III-1d, F-III-1e, F-III-2a"
SA20160893,GIGI PUTIH ENTERPRISE,Works,Valid,16/07/2026,yes,16/07/2026,UPK-K/10234,"F-I-2ib, F-I-2iib, E-III-1b, E-III-1d"
SA20160902,GLEERSA ENTERPRISE,Works,Valid,19/06/2026,yes,19/06/2026,UPK-K/11231,"F-I-1, F-I-2iia, F-I-2iib, F-II-1a, F-II-1b, F-II-1c, F-II-2a, F-II-2b, F-II-5a, F-II-5b, F-II-5c, F-II-6a, F-II-6b, F-II-7"
SA20180567,GP ENTERPRISE,Works,Expired,4/3/2026,yes,4/3/2026,UPKJ/W/005300,"C-I-1, C-II-1a, C-II-1c, C-II-2a, C-II-5a, C-II-6a, C-II-6b, C-II-7, C-IV-1a, C-IV-1b, C-IV-2a, C-IV-4b, F-III-1a, F-III-1b, F-III-1c, F-III-1d, F-III-1e, F-III-2a"
SA2014666,HAIYATUN ENTERPRISE,Works,Expired,30/10/2025,yes,30/10/2025,UPK-K/12541,"E-III-1a, E-III-1b, E-III-1c, E-III-1d, E-III-1e, E-III-2a, E-III-2b, E-III-2c, E-III-2d, E-III-4a, E-III-4b, E-III-4c"
279/05,HAJJAH ENTERPRISE,Works,Valid,21/10/2027,yes,21/10/2027,UPK-K/12241,"E-I-1, E-I-2ia, E-I-2iia, E-III-1a, E-III-1b, E-III-1c, E-III-1d, E-III-1e, E-III-2a, E-III-2b, E-III-2c, E-III-2d, E-III-3a, E-III-3b, E-III-3c, E-III-4a, E-III-4b, E-III-4c, E-IV-2a, E-IV-2b, E-IV-4a, E-IV-4b, E-VI-5b"
577/94,IGAN ENTERPRISE GENERAL TRADING & CONTRACTOR,Works,Valid,22/11/2026,yes,22/11/2026,UPK-K/12449,"F-I-2ia, F-I-2iia, F-II-1a, F-II-1b, F-II-1c, F-II-2a, F-II-2b, F-II-5a, F-III-1a, F-III-1b, F-III-1d, F-III-1e"
677921-A,IKMAS ENTERPRISE SDN BHD,Works,Valid,30/12/2026,yes,30/12/2026,UPK-K/10922,"B-I-1, B-I-3iia, B-II-1a, B-II-1b, B-II-1c, B-II-2a, B-II-2b, B-II-3a, B-II-3b, B-II-3c, B-II-5a, B-II-5b, B-II-5c, B-II-6a, B-II-6b, B-II-7, B-III-1a, B-III-1b, B-III-1c, B-III-1d, B-III-1e, B-III-2a, B-III-2b, B-III-2c, B-III-2d, B-III-3a, B-III-3b, B-III-3c, B-III-4a, B-III-4b, B-III-4c, B-IV-1a, B-IV-1b, B-IV-2a, B-IV-3, B-IV-4a, B-IV-4b, B-VI-5ia, B-VI-5iia, B-VI-5b, B-VI-5c, B-VI-5d, B-VI-6"
0058/98,IKSORA ENGINEERING & SERVICES,Works,Valid,5/10/2026,yes,5/10/2026,UPK-K/12279,"E-I-1, E-I-2ia, E-I-2iia, E-I-2ib, E-I-2iib, E-III-1a, E-III-1b, E-III-2a, E-III-2b, E-III-2c, E-III-2d, E-III-3a, E-III-3b, E-III-3c, E-III-4a, E-III-4b, E-III-4c"
SA2007336,INDAH FLORA ENTERPRISE,Works,Valid,14/07/2026,yes,14/07/2026,UPK-K/10042,"F-II-1a, F-II-1b, F-II-1c, F-II-2a, F-II-2b, F-II-5a, F-II-5b, F-II-6a, E-I-1, E-I-2ia, E-I-2iia, E-I-2ib, E-I-2iib, E-I-2ic, E-I-2iic, E-I-3ia, E-I-3iia, E-I-3b, E-I-3c, E-I-4a, E-I-4b, E-I-4c, E-I-4d, E-I-5a, E-I-5b, E-I-6, E-I-7, E-I-8, E-III-1a, E-III-1b, E-III-1c, E-III-1d, E-III-1e, E-III-2a, E-III-2b, E-III-2c, E-III-2d, E-III-3a, E-III-3b, E-III-3c, E-III-4a, E-III-4b, E-III-4c"
SA20150657,INTAN LIANA ENTERPRISE,Works,Expired,12/6/2022,yes,12/6/2022,UPK-K/08803,"F-III-1a, F-III-1b, F-III-1c, F-III-1d, F-III-1e, F-III-2a"
SA2007648,INVISION ENTERPRISE,Works,Valid,15/03/2027,yes,15/03/2027,UPKJ/W/004536,"E-I-1, E-II-1a, E-II-1b, E-II-1c, E-II-2a, E-II-2b, E-II-5a, E-II-5b, E-II-5c, E-II-6a, E-VI-6"
SA20160373,J QUEEN ENTERPRISE,Works,Expired,7/1/2026,yes,7/1/2026,UPK-K/09722 &  UPK-K/10762,"F-I-1, F-I-2ib, F-I-2iib, F-II-1a, F-II-1b, F-II-1c, F-II-2a, F-II-2b, F-II-5a, F-II-5b, F-II-5c, F-II-6a, F-II-6b, F-III-1a, F-III-1b, F-III-1c, F-III-1d, F-III-1e"
SA20150119,JAMPO IMPIAN CONSTRUCTION,Works,Expired,2/10/2022,yes,2/10/2022,UPK-K/09151,"F-III-1a, F-III-1b"
790/03,JATI IGAN ENTERPRISE,Works,Valid,14/08/2026,yes,14/08/2026,UPK-K/09758,"E-VI-5iia, E-VI-5b, E-VI-5c, E-VI-5d, D-I-1, D-I-2ia, D-I-2iia, D-I-2ib, D-I-2iib, D-I-3ia, D-I-3iia, D-II-1a, D-II-1b, D-II-1c, D-II-2a, D-II-2b, D-II-5a, D-II-5b, D-II-5c, D-II-7, D-III-1a, D-III-1b, D-III-1c, D-III-1d, D-III-1e, D-III-2a, D-III-2b, D-III-2c, D-III-2d, D-III-3a, D-III-3b, D-III-3c, D-IV-1a, D-IV-1b, D-IV-4a, D-IV-4b"
SA20131131,JEREKI JELAI ENTERPRISE,Works,Expired,9/4/2022,yes,9/4/2022,A/7274(),"F-III-1a, F-III-1b, F-III-1c, F-III-1d, F-III-1e, F-III-2a"
950/05,JOY'S TRADING CO.,Works,Expired,3/11/2025,yes,3/11/2025,UPK-K/08923,"F-I-1, F-II-5a, F-II-5b, F-II-5c, F-II-6a, F-II-6b, F-III-1a, F-III-1b, F-III-2a"
514/02,JRIUMAS ENTERPRISE,Works,Valid,2/6/2027,yes,2/6/2027,UPK-K/09065 & UPK-B/03142,"E-I-2iib, E-II-1b, E-II-1c, E-II-2a, E-II-2b, E-II-5a, E-II-5b, E-II-5c, E-II-6a, E-II-6b, E-III-1a, E-III-1b, E-III-1c, E-III-1d, E-III-1e, E-III-2a, E-III-2b, E-III-2c, E-III-2d, E-III-3a, E-III-3b, E-III-3c, E-IV-1b, E-IV-4b, E-VI-5ia, E-VI-5iia, E-VI-5b, E-VI-5c, E-VI-5d"
SA2008683,JULY ASSOCIATES AND GROUP,Works,Expired,9/2/2026,yes,9/2/2026,A/4907(45),"F-II-1a, F-II-1b, F-II-1c, F-II-2a, F-II-2b, F-II-5a, F-II-5b, F-II-5c, E-I-1, E-I-3iia, E-III-1a, E-III-1b, E-III-1c, E-III-1d, E-III-1e, E-III-2a, E-III-2b, E-III-2c, E-III-2d, E-III-3a, E-III-3b, E-III-3c, E-IV-1a, E-IV-1b, E-IV-2a, E-IV-3, E-IV-4a, E-IV-4b"
SA2014962,KELLOG CORNER ENTERPRISE,Works,Expired,4/12/2025,yes,4/12/2025,UPK-K/09480 & UPK-K/11199,"F-I-1, F-II-1a, F-II-1b, F-II-1c, F-II-2a, F-II-2b, F-II-5a, F-II-5b, F-II-5c, F-II-6a, F-II-6b, F-II-7, E-III-1a, E-III-1b, E-III-1c, E-III-1d, E-III-1e, E-III-2a, E-III-2b, E-III-2c, E-III-2d, E-III-3a, E-III-3b, E-III-3c, E-III-4a, E-III-4b, E-III-4c, E-IV-1a, E-IV-1b, E-IV-2a, E-IV-2b, E-IV-3, E-IV-4a, E-IV-4b"
SA2007625,KEMUNTING ENTERPRISE,Works,Valid,1/5/2028,yes,1/5/2028,UPK-K/12579,"F-I-1, F-I-4a, F-I-4b, F-I-4c, F-II-1a, F-II-1b, F-II-1c, F-II-2a, F-II-2b, F-II-5a, F-II-5b, F-II-5c, F-II-6a, F-II-6b, F-III-1a, F-III-1b, F-III-1d, F-III-2a"
SA2012405,KHALID ENTERPRISE (2012),Works,Valid,13/06/2026,yes,13/06/2026,A/5078(36),"E-I-1, E-I-2ia, E-I-2iia, E-I-2ib, E-I-2iib, E-I-3ia, E-I-3iia, E-II-1a, E-II-1b, E-II-1c, E-II-2a, E-II-2b, E-II-5a, E-II-5b, E-II-5c, E-II-6, E-II-7, E-III-1a, E-III-1b, E-III-1c, E-III-1d, E-III-1e, E-III-2a, E-III-2b, E-III-2c, E-III-2d, E-III-3a, E-III-3b, E-III-3c, E-III-4a, E-III-4b, E-III-4c, E-IV-1a, E-IV-1b, E-IV-2a, E-IV-3, E-IV-4a, E-IV-4b"
SA20161486,KUTAK ENTERPRISE,Works,Valid,21/04/2027,yes,21/04/2027,UPK-K/11471,F-I-2iib
0221/98,LAYANG EMAS ENTERPRISE,Works,Valid,12/8/2026,yes,12/8/2026,UPK-K/08028,"F-III-1a, F-III-1b, F-III-1c, F-III-1d, F-III-1e, F-III-2a"
SA20190108,LEGACY YNS ENTERPRISE,Works,Expired,9/10/2022,yes,9/10/2022,UPK-K/14103,F-II-5a
1029988-A,LOVING GREEN PASTURE SDN. BHD.,Works,Valid,5/9/2027,yes,5/9/2027,UPK-K/11893,"F-I-1, F-I-2ib, F-I-2iib, F-I-3iia, F-II-1a, F-II-1b, F-II-1c, F-II-2a, F-II-2b, F-II-5a, F-II-5b, F-II-6a, F-II-6b, F-II-7, F-III-1a, F-III-1b, F-III-1c, F-III-1d, F-III-1e, F-III-2a"
1037/03,LUMBA LUMBA ENTERPRISE,Works,Expired,31/12/2021,yes,31/12/2021,UPK-K/06157,"F-I-1, F-I-2ia, F-I-2iia, F-I-2ib, F-I-2iib, F-I-2ic, F-I-2iic, F-I-3ia, F-I-3iia, F-I-3b, F-I-3c, F-I-4a, F-I-4b, F-I-4c, F-I-4d, F-I-5a, F-I-5b, F-I-6, F-I-7, F-I-8, F-II-1a, F-II-1b, F-II-1c, F-II-1d, F-II-2a, F-II-2b, F-II-3a, F-II-3b, F-II-3c, F-II-4, F-II-5a, F-II-5b, F-II-5c, F-II-6, F-II-6a, F-II-6b, F-II-7, F-II-8, F-II-9, F-II-10a, F-II-10b, F-II-10c, F-II-10d, F-II-10e, F-II-11, F-III-1a, F-III-1b, F-III-1c, F-III-1d, F-III-1e, F-III-2a"
SA2013757,LYN CONSTRUCTIONS ENTERPRISE,Works,Valid,29/12/2026,yes,29/12/2026,UPK-K/10910,"E-I-1, E-I-2ia, E-I-2iia, E-I-2ib, E-I-2iib, E-I-3iia, E-III-1a, E-III-1b, E-III-1c, E-III-1d, E-III-1e, E-III-2d, E-III-3a, E-III-3b, E-III-3c, E-IV-1a, E-IV-1b, E-IV-2a, E-IV-4a, E-IV-4b, E-VI-5ia, E-VI-5iia, E-VI-5b, E-VI-5c, E-VI-5d, E-VI-6, F-II-1a, F-II-1b, F-II-1c, F-II-2a, F-II-2b, F-II-5a, F-II-5b, F-II-5c, F-II-6a, F-II-6b, F-II-7"
52/77,M/S WAN HAMID,Works,Expired,5/12/2025,yes,5/12/2025,UPK-K/09270,"D-I-1, D-I-2ia, D-I-2iia, D-I-3ia, D-I-3iia, D-I-4a, D-I-4b, D-I-4c, D-II-1a, D-II-1b, D-II-1c, D-II-2a, D-II-2b, D-II-5a, D-II-5b, D-II-5c, D-II-6a, D-II-6b, D-III-1a, D-III-1b, D-III-1c, D-III-1d, D-III-1e, D-III-2a, D-III-2b, D-III-2c, D-III-2d, D-III-3a, D-III-3b, D-III-3c, D-III-4a, D-III-4b, D-IV-1a, D-IV-1b, D-IV-2a, D-IV-2b, D-IV-4a, D-IV-4b, D-VI-1, D-VI-2, D-VI-3, D-VI-5iia, D-VI-5b, D-VI-5c, D-VI-5d"
SA20191309,M&C VISION ENTERPRISE,Works,Expired,9/1/2026,yes,9/1/2026,UPKJ/W/004023,"F-I-1, F-II-5a, F-II-5b, F-II-5c, F-II-6a, F-II-6b, F-III-1a, F-III-1b, F-III-1c, F-III-1d, F-III-1e, F-III-2a"
SA2008363,MADYA ENGINEERING,Works,Expired,2/9/2023,yes,2/9/2023,UPK-K/11460 & UPK-B/04487,"B-I-2ia, B-I-2ib, B-I-2ic, B-III-2a"
MDG/BNR/019/2021,MAEVAN CONSTRUCTION,Works,Valid,24/05/2027,yes,24/05/2027,UPKJ/W/005446 & UPKJ/E/000191,"F-I-1, F-II-1a, F-II-1b, F-II-1c, F-II-2a, F-II-2b, F-II-5a, F-II-5b, F-II-5c, F-II-6a, F-II-6b, F-II-7, F-III-1a, F-III-1b, F-III-1c, F-III-1d, F-III-1e, F-III-2a"
SA20141365,MAG-LU ENTERPRISE,Works,Valid,16/08/2026,yes,16/08/2026,UPK-K/10672,"F-I-1, F-I-2ib, F-I-2iib, F-I-3iia, F-II-1a, F-II-1b, F-II-1c, F-II-2a, F-II-2b, F-II-5a, F-II-5b, F-II-5c, F-II-6a, F-II-6b, F-III-1a, F-III-1b, F-III-1c, F-III-1d, F-III-1e, F-III-2a"
SA20200655,MAJU MENYAN ENTERPRISE (MME),Works,Valid,30/03/2027,yes,30/03/2027,UPKJ/W/000719,"F-II-5a, F-II-5b"
SA20181472,MAWRICE EVERISE CONTRACTOR,Works,Valid,23/06/2027,yes,23/06/2027,A/7425(6),"E-I-1, E-I-2ia, E-I-2iia, E-I-2ib, E-I-2iib, E-I-2iic, E-I-3ia, E-I-3iia, E-I-4a, E-I-4b, E-I-4c, E-III-1a, E-III-1b, E-III-1c, E-III-1d, E-III-1e, E-III-2a, E-III-2b, E-III-2c, E-III-2d, E-III-3a, E-III-3b, E-III-3c, E-III-4a, E-III-4b, E-III-4c, F-II-1a, F-II-1b, F-II-1c, F-II-2a, F-II-2b, F-II-5a, F-II-5b, F-II-5c, F-II-6, F-II-7"
SA2013767,MAYA ENTERPRISE,Works,Valid,18/02/2027,yes,18/02/2027,UPK-K/08321,"F-I-1, F-II-1a, F-II-5a, F-II-6a, F-II-6b, F-II-7, F-III-1a, F-III-1b"
SA2010586,MAZ ENTERPRISE,Works,Valid,14/07/2026,yes,14/07/2026,"UPK-K/06902, UPK-K/12628, UPK-K/11664 & UPK-B/03224","F-I-2iia, F-II-1a, F-II-1b, F-II-1c, F-II-2a, F-II-2b, F-II-5a, F-II-5b, F-II-5c, F-II-6a, F-II-6b, F-II-7"
562/02,MELANAU ENTERPRISE,Works,Valid,5/3/2027,yes,5/3/2027,UPKJ/W/001025,"F-II-1c, F-II-2a, F-II-2b, F-II-5a, F-II-5c, F-II-6b, F-III-1a, F-III-1b, F-III-1c, F-III-1d, F-III-1e, F-III-2a"
467/99,MENYANA ENTERPRISE,Works,Valid,18/04/2027,yes,18/04/2027,UPK-K/10315,"E-I-1, E-I-4a, E-I-4b, E-I-4c, E-II-1a, E-II-1b, E-II-1c, E-II-2a, E-II-4, E-II-5a, E-II-5b, E-II-5c, E-II-6a, E-II-6b, E-III-1d, E-III-3b, E-III-3c, E-IV-1a, E-IV-2a, E-VI-5ia, E-VI-5iia, E-VI-5b"
SA20200246,MILLION 66 ENTERPRISE,Works,Valid,15/03/2027,yes,15/03/2027,UPKJ/W/004483,"F-II-1a, F-II-1b, F-II-1c, F-II-1d, F-II-2a, F-II-2b, F-II-3a, F-II-3b, F-II-3c, F-II-4, F-II-5a, F-II-5b, F-II-5c, F-II-6, F-II-6a, F-II-6b, F-II-7, F-II-8, F-II-9, F-II-10a, F-II-10b, F-II-10c, F-II-10d, F-II-10e, F-II-11, F-III-1a, F-III-1b, F-III-1c, F-III-1d, F-III-1e, F-III-2a"
351/93,MIZATY ENTERPRISE,Works,Expired,6/9/2019,yes,6/9/2019,UPK-K/09116,"E-I-1, E-I-2ia, E-I-2iia, E-I-2ib, E-I-2iib, E-I-2ic, E-I-2iic, E-I-3ia, E-I-3iia, E-I-3b, E-I-3c, E-I-4a, E-I-4b, E-I-4c, E-I-4d, E-I-5a, E-I-5b, E-I-6, E-I-7, E-I-8, E-II-1a, E-II-1b, E-II-1c, E-II-1d, E-II-2a, E-II-2b, E-II-3a, E-II-3b, E-II-3c, E-II-4, E-II-5a, E-II-5b, E-II-5c, E-II-6, E-II-6a, E-II-6b, E-II-7, E-II-8, E-II-9, E-II-10a, E-II-10b, E-II-10c, E-II-10d, E-II-10e, E-II-11, E-III-1a, E-III-1b, E-III-1c, E-III-1d, E-III-1e, E-III-2a, E-III-2b, E-III-2c, E-III-2d, E-III-3a, E-III-3b, E-III-3c, E-III-4a, E-III-4b, E-III-4c"
244/00,MMD ENTERPRISE,Works,Expired,7/11/2022,yes,7/11/2022,UPK-K/09228,"F-I-1, F-I-2iia, F-II-1a, F-II-1b, F-II-1c, F-II-2a, F-II-5a, F-II-6a, F-II-6b, F-III-1a, F-III-1b, F-III-1c, F-III-1d, F-III-2a"
SA20200910,MK JAYA CONSTRUCTION,Works,Valid,15/01/2028,no,15/01/2028,,"E-I-1, E-I-4a, E-I-4b, E-I-4c, E-II-1a, E-II-1b, E-II-1c, E-II-2a, E-II-2b, E-II-5a, E-II-5b, E-II-5c, E-II-6, E-II-7, E-VI-5a, E-VI-5b, E-VI-6"
SA20111187,MSAS ENTERPRISE CO.,Works,Valid,16/02/2027,yes,16/02/2027,UPK-K/10718,"F-II-2a, F-II-2b, F-II-5a, F-II-5b, F-II-5c, F-II-6a, F-II-6b, E-I-1, E-I-2ia, E-I-2iia, E-I-2ib, E-I-2iib, E-I-2iic, E-I-3ia, E-I-3iia, E-III-1a, E-III-1b, E-III-1c, E-III-1d, E-III-1e, E-III-2b, E-III-2c, E-III-2d, E-III-3a, E-III-3b, E-III-3c"
SA2008226,NAILI ENTERPRISE,Works,Expired,5/1/2021,yes,5/1/2021,UPK-K/08866,"F-I-1, F-I-2ia, F-I-2iia, F-I-2ib, F-I-2iib, F-I-2ic, F-I-2iic, F-I-3ia, F-I-3iia, F-I-3b, F-I-3c, F-I-4a, F-I-4b, F-I-4c, F-I-4d, F-I-5a, F-I-5b, F-I-6, F-I-7, F-I-8, F-II-1a, F-II-1b, F-II-1c, F-II-1d, F-II-2a, F-II-2b, F-II-3a, F-II-3b, F-II-3c, F-II-4, F-II-5a, F-II-5b, F-II-5c, F-II-6, F-II-6a, F-II-6b, F-II-7, F-II-8, F-II-9, F-II-10a, F-II-10b, F-II-10c, F-II-10d, F-II-10e, F-II-11, F-III-1a, F-III-1b, F-III-1c, F-III-1d, F-III-1e, F-III-2a"
SA2008970,NANDENG ENTERPRISE,Works,Valid,23/01/2027,yes,23/01/2027,UPK-K/10975 & UPK-B/04312,"F-II-1a, F-II-1b, F-II-1c, F-II-2a, F-II-2b, F-II-5a, F-II-5b, F-II-5c, F-II-6, F-II-7, E-I-1, E-I-2ia, E-I-2iia, E-I-3ia, E-I-3iia, E-I-3b, E-I-3c, E-I-4a, E-I-4b, E-I-4c, E-III-1d, E-III-2d, E-III-3a, E-III-3b, E-III-3c, E-IV-1b, E-IV-2a, E-IV-4a, E-IV-4b"
520/02,NAZIRAH ENTERPRISE,Works,Valid,13/05/2027,yes,13/05/2027,UPK-K/05774,"F-I-1, F-II-1a, F-II-1b, F-II-1c, F-II-2a, F-II-2b, F-II-5a, F-II-5b, F-II-5c, F-II-6a, F-II-6b, F-III-1a, F-III-1b, F-III-1c, F-III-1d, F-III-1e"
SA20111616,NELSON NYALU ENTERPRISE,Works,Valid,21/02/2027,yes,21/02/2027,UPKJ/W/000195,"F-I-2ib, F-I-2iib, F-II-5a, F-II-5b, F-II-5c"
SA20201404,NENDAK ZEON ENTERPRISE,Works,Valid,10/3/2027,yes,10/3/2027,UPKJ/W/007208,"F-II-2a, F-II-2b, F-II-5a, F-II-5b, F-II-5c, F-II-6a, F-II-6b, F-II-7"
856/06,NGEREMBAI ENTERPRISE,Works,Valid,21/09/2027,yes,21/09/2027,UPK-K/12411,"E-I-1, E-I-2ib, E-I-2iib, E-II-1a, E-II-1b, E-II-1c, E-II-2a, E-II-2b, E-II-5a, E-II-5b, E-III-1a, E-III-1b, E-III-1c, E-III-1d, E-III-1e, E-III-2a, E-III-2b, E-III-2d, E-III-3a, E-III-3b, E-III-3c, E-III-4a, E-III-4b, E-III-4c, E-IV-1b, E-IV-2a, E-IV-4a, E-IV-4b, E-VI-5ia, E-VI-5iia, E-VI-5b, E-VI-1"
SA2013785,NISAZIERA ENTERPRISE,Works,Valid,21/10/2026,yes,21/10/2026,UPK-K/12379,"E-I-1, E-I-2iia, E-I-2iib, E-II-1a, E-II-1b, E-II-1c, E-II-2a, E-II-2b, E-II-5a, E-II-5b, E-II-5c, E-II-6a, E-II-6b, E-II-7, E-IV-1a, E-IV-1b, E-IV-2a, E-IV-3, E-IV-4a, E-IV-4b, E-VI-5b"
SA20160918,NK DYNAMIC,Works,Expired,26/03/2020,yes,26/03/2020,UPK-K/09923,"F-II-1a, F-II-1b, F-II-1c, F-II-1d, F-II-2a, F-II-2b, F-II-3a, F-II-3b, F-II-3c, F-II-4, F-II-5a, F-II-5b, F-II-5c, F-II-6, F-II-6a, F-II-6b, F-II-7, F-II-8, F-II-9, F-II-10a, F-II-10b, F-II-10c, F-II-10d, F-II-10e, F-II-11"
SA2010397,NOURISH PAPERMINT ENTERPRISE,Works,Valid,20/01/2027,yes,20/01/2027,UPK-K/11115,"F-I-1, F-II-5a, F-II-5b, F-II-5c, F-III-1a, F-III-1b, F-III-1c"
SA20160820,NUR REKA BUILDERS,Works,Expired,3/3/2026,yes,3/3/2026,UPK-K/09791 & UPK-B/04828,"D-I-1, D-I-2ia, D-I-2iia, D-I-2ib, D-I-2iib, D-II-1a, D-II-1b, D-II-1c, D-II-2a, D-II-2b, D-II-5a, D-II-5b, D-II-5c, D-II-6a, D-II-6b, D-II-7, D-III-1a, D-III-1b, D-III-1c, D-III-1d, D-III-1e, D-III-2a, D-III-2b, D-III-2c, D-III-2d, D-III-3a, D-III-3b, D-III-3c, D-III-4a, D-III-4b, D-III-4c, D-IV-1a, D-IV-1b, D-IV-2a, D-IV-4a, D-IV-4b"
SA20170544,ONE FAMILY ENTERPRISE,Works,Valid,2/2/2027,yes,2/2/2027,UPK-K/12437,"F-I-1, F-II-1a, F-II-1b, F-II-1c, F-II-2a, F-II-2b, F-II-5a, F-II-5b, F-II-5c, F-II-6a, F-II-6b, F-II-7, F-III-1a, F-III-1b, F-III-1c, F-III-1d, F-III-1e, F-III-2a"
SA2010766,ONE MAS RICE CO.,Works,Expired,11/1/2025,yes,11/1/2025,UPKJ/W/003592 & UPK-B/05534,F-II-5a
287/97,PEN-ENSURAI ENTERPRISE,Works,Expired,30/12/2024,yes,30/12/2024,UPK-K/11769,"D-I-1, D-II-1a, D-II-1b, D-II-1c, D-II-2a, D-II-2b, D-II-5a, D-II-5b, D-II-5c, D-II-6a, D-II-6b, D-III-1a, D-III-1b, D-III-1c, D-III-1d, D-III-1e, D-III-2a, D-III-2b, D-III-2c, D-III-2d, D-IV-1a, D-IV-1b, D-VI-5ia, D-VI-5iia, D-VI-5b"
SA20091024,PERKASA BAKTI ENGINEERING,Works,Valid,16/02/2027,yes,16/02/2027,A/4618VOL.I(21),"D-I-1, D-I-2ia, D-I-2iia, D-I-2ib, D-I-2iib, D-I-3ia, D-I-3iia, D-I-4a, D-I-4b, D-I-4c, D-II-1a, D-II-1b, D-II-1c, D-II-2a, D-II-2b, D-II-3a, D-II-3b, D-II-3c, D-II-4, D-II-5a, D-II-5b, D-II-5c, D-II-6a, D-IV-1a, D-IV-1b, D-IV-2a, D-IV-4a, D-IV-4b, D-VI-2, D-VI-5ia, D-VI-5iia, D-VI-5b, D-VI-5c, D-VI-5d, C-III-1a, C-III-1b, C-III-1d, C-III-1e, C-III-2a, C-III-2b, C-III-2c, C-III-2d, C-III-3a, C-III-3b, C-III-3c, C-III-4a, C-III-4b, C-III-4c"
673/01,PIRING ENTERPRISE,Works,Expired,13/03/2025,yes,13/03/2025,UPK-K/12128 & UPK-B/05554,"F-I-1, F-I-2iia, F-I-2ib, F-II-1b, F-II-1c, F-II-2a, F-II-2b, F-II-5a, F-II-5b, F-II-5c, F-II-6a, F-II-6b, F-II-7, F-III-1a, F-III-1b, F-III-1c, F-III-1d, F-III-1e, F-III-2a, F-III-1a"
SA2012451,PRETTY ENTERPRISE,Works,Valid,16/03/2027,yes,16/03/2027,"UPK-K/12453, UPK-K/13120 & UPK-B/05643","F-II-2a, F-II-2b, F-II-5a, F-II-5b, F-II-5c"
SA20150825,PUNCAK LIAN JAYA,Works,Expired,2/10/2025,yes,2/10/2025,UPK-K/09134,"F-I-1, F-II-2a, F-II-2b, F-II-5a, F-II-5b, F-II-5c, F-III-1a, F-III-1b, F-III-2a"
SA20180911,QAISHA ENTERPRISE,Works,Valid,7/12/2027,yes,7/12/2027,UPK-K/14346 & UPK-B/06057,"F-I-2iib, F-II-5a"
556/99,QURRATULAIN GENERAL TRADING,Works,Expired,28/10/2023,yes,28/10/2023,UPK-K/10603,"F-I-2ia, F-I-2iia, F-II-1a, F-II-1b, F-II-2a, F-II-2b, F-II-3a, F-II-3b, F-II-3c, F-II-5a, F-II-5b, F-II-5c, F-II-6a, F-II-6b"
SA20190093,R/B MENYAN ENTERPRISE,Works,Expired,17/02/2026,yes,17/02/2026,UPK-K/14704,"F-II-5a, F-II-5b, F-II-5c, F-II-6a, F-II-6b, E-I-2ia, E-I-2iia, E-I-2ib, E-I-2iib, E-III-1a, E-III-1e, E-III-2c, E-III-2d"
SA2012769,RANGER 953 ENTERPRISE,Works,Valid,2/9/2028,yes,2/9/2028,UPK-K/09412,"F-I-1, F-I-4a, F-I-4b, F-I-4c, F-II-1a, F-II-1b, F-II-1c, F-II-2a, F-II-2b, F-II-5a, F-II-5b, F-II-5c, E-III-1a, E-III-1b, E-III-1c, E-III-1d, E-III-1e, E-III-2a, E-III-2b, E-III-2c, E-III-2d, E-III-3a, E-III-3b, E-III-3c, E-III-4a, E-III-4b, E-III-4c, E-IV-4a, E-IV-4b"
SA20170919,RASA SAYANG ENTERPRISE,Works,Valid,21/06/2027,yes,21/06/2027,UPK-K/13201,"F-I-1, F-I-2iic, F-I-3iia, F-II-5a, F-II-5b, F-II-5c, F-II-6, F-III-1a, F-III-1b, F-III-1c, F-III-1d, F-III-1e, F-III-2a"
SA20190777,RB ENTERPRISE,Works,Expired,16/11/2025,yes,16/11/2025,UPK-K/14262,"E-I-1, E-I-2ia, E-I-2iia, E-I-2ib, E-I-2iib, E-I-2ic, E-I-2iic, E-I-3ia, E-I-3iia, E-I-3b, E-I-3c, E-I-4a, E-I-4b, E-I-4c, E-I-4d, E-I-5a, E-I-5b, E-I-6, E-I-7, E-I-8, E-II-1a, E-II-1b, E-II-1c, E-II-1d, E-II-2a, E-II-2b, E-II-3a, E-II-3b, E-II-3c, E-II-4, E-II-5a, E-II-5b, E-II-5c, E-II-6, E-II-6a, E-II-6b, E-II-7, E-II-8, E-II-9, E-II-10a, E-II-10b, E-II-10c, E-II-10d, E-II-10e, E-II-11, E-III-1a, E-III-1b, E-III-1c, E-III-1d, E-III-1e, E-III-2a, E-III-2b, E-III-2c, E-III-2d, E-III-3a, E-III-3b, E-III-3c, E-III-4a, E-III-4b, E-III-4c"
904/96,REJANG BASIN ENTERPRISE,Works,Expired,2/10/2025,yes,2/10/2025,UPK-K/09173,"F-II-1a, F-II-1b, F-II-1c, F-II-2a, F-II-2b, F-II-5a, F-II-5b, F-II-5c, F-II-6a, F-II-6b, E-III-1a, E-III-1b, E-III-1c, E-III-1d, E-III-1e, E-III-2a, E-III-2b, E-III-2c, E-III-2d, E-III-3a, E-III-3b, E-III-3c, E-III-4a, E-III-4b, E-III-4c, E-IV-1a, E-IV-1b, E-IV-2a, E-IV-2b, E-IV-3"
SA20161335,RIANNA CONTRACTOR ENTERPRISE,Works,Valid,11/6/2026,yes,11/6/2026,UPK-K/13034 & UPK-B/05862,"F-II-1a, F-II-1b, F-II-1c, F-II-2a, F-II-2b, F-II-5a, F-II-5b, F-II-5c, E-I-1, E-I-2ia, E-I-2iia, E-I-2ib, E-I-2iib, E-I-2iic, E-I-3ia, E-I-3iia, E-III-1a, E-III-1b, E-III-1c, E-III-1d, E-III-1e, E-III-2a, E-III-2b, E-III-2c, E-III-2d, E-III-3a, E-III-3b, E-III-3c, E-III-4a, E-III-4b, E-III-4c"
783/85,RICHARD U & CO.,Works,Valid,17/08/2027,yes,17/08/2027,UPKJ/W/006253,"E-I-1, E-I-2ia, E-I-2iia, E-I-2ib, E-I-2iib, E-I-2ic, E-I-2iic, E-II-1a, E-II-1b, E-II-1c, E-II-2a, E-II-2b, E-II-5a, E-II-5b, E-II-5c, E-II-7, E-III-1a, E-III-1b, E-III-1c, E-III-1d, E-III-1e, E-III-3a, E-III-3b, E-III-3c, E-VI-5b"
SA20181161,RIVER GOLD ENTERPRISE,Works,Valid,31/08/2027,yes,31/08/2027,UPK-K/13862,"F-I-1, F-II-1a, F-II-1b, F-II-1c, F-II-2a, F-II-2b, F-II-5a, F-II-5b, F-II-5c, F-II-6a, F-II-6b, F-II-7, E-III-1a, E-III-1b, E-III-1c, E-III-1d, E-III-1e, E-III-2a, E-III-2b, E-III-2c, E-III-2d, E-III-3a, E-III-3b, E-III-3c, E-III-4a, E-III-4b, E-III-4c"
SA20171265,ROBERT . J. GENERAL CONTRACTOR,Works,Expired,22/12/2025,yes,22/12/2025,,"F-II-5a, F-II-5b"
SA2008567,RS TRADING & CONTRACTOR,Works,Valid,8/10/2027,yes,8/10/2027,UPK-K/13709,"E-I-1, E-I-2ia, E-I-2iia, E-I-2ib, E-I-2iib, E-II-1a, E-II-1b, E-II-1c, E-II-2a, E-II-2b, E-II-5a, E-II-5b, E-II-5c, E-II-6a, E-II-6b, E-II-7, E-III-1a, E-III-1b, E-III-1c, E-III-1d, E-III-1e, E-III-2a, E-III-2b, E-III-2c, E-III-2d, E-III-3a, E-III-3b, E-III-3c, E-III-4a, E-III-4b, E-III-4c, E-IV-1a, E-IV-1b, E-IV-2a, E-IV-4a, E-IV-4b, E-VI-5b"
92/00,SABACON CONSTRUCTION,Works,Valid,27/08/2027,yes,27/08/2027,UPKJ-K/04382,"E-I-1, E-I-4a, E-I-4b, E-I-4c, E-II-1a, E-II-1b, E-II-1c, E-II-2a, E-II-2b, E-II-5a, E-II-5b, E-II-5c, E-II-6, E-II-1a, E-II-1b, E-II-1c, E-II-2a, E-II-2b, E-II-5a, E-II-5b, E-II-5c, E-II-6, E-IV-1b, E-IV-2a, E-IV-4a, E-IV-4b, E-VI-5a, E-VI-5b"
SA20170617,SAFA ENTERPRISE,Works,Valid,23/10/2026,yes,23/10/2026,UPK-K/10812,"F-I-1, F-I-2ib, F-I-2iib, F-II-6a, F-II-6b"
SA2013589,SALLEH ENTERPRISE,Works,Valid,30/07/2027,yes,30/07/2027,"UPK-K/10321, UPK-E/00747 & UPK-B/05066","F-I-1, F-II-5a, F-II-5b, F-II-5c, F-II-6a, F-II-6b, F-III-1a, F-III-1b, F-III-1c, F-III-1d, F-III-1e, F-III-2a"
SA20111142,SAPMA ENTERPRISE,Works,Valid,19/06/2026,yes,19/06/2026,UPK-K/12748,F-I-1
439/99,SARABAN CONSTRUCTION COMPANY,Works,Expired,30/07/2025,yes,30/07/2025,UPK-K/08962,"E-I-1, E-I-2ib, E-I-2iib, E-II-1a, E-II-1b, E-II-2a, E-II-2b, E-II-5a, E-II-5c, E-II-6a, E-II-6b, E-III-1a, E-III-1b, E-III-1c, E-III-1d, E-III-1e, E-III-2a, E-III-2b, E-III-2c, E-III-2d, E-IV-4a, E-IV-4b, E-VI-5ia, E-VI-5iia, E-VI-5b"
SA20170584,SATRIA BAKTI ENGINEERING,Works,Valid,2/4/2027,yes,2/4/2027,UPK-K/13088 & UPK-B/05873,"E-I-1, E-I-4a, E-I-4b, E-I-4c, E-II-1a, E-II-1b, E-II-1c, E-II-2a, E-II-2b, E-II-3a, E-II-3b, E-II-3c, E-II-5a, E-II-5b, E-II-5c, E-II-6a, E-II-6b"
132/92,SCORPIONS ENTERPRISE,Works,Valid,25/05/2027,yes,25/05/2027,UPK-K/11816,"E-I-1, E-I-2ia, E-I-2iia, E-II-1a, E-II-1b, E-II-1c, E-II-1d, E-II-2a, E-II-2b, E-II-3a, E-II-3b, E-II-3c, E-II-4, E-II-5a, E-II-5b, E-II-5c, E-II-6, E-II-6a, E-II-6b, E-II-7, E-II-8, E-II-9, E-II-10a, E-II-10b, E-II-10c, E-II-10d, E-II-10e, E-II-11, E-III-1a, E-III-1d, E-III-2c, E-III-2d, E-III-3a, E-III-3b, E-III-3c, E-IV-4a, E-IV-4b"
SA20150490,SEREMBAI ENTERPRISE,Works,Valid,23/03/2027,yes,23/03/2027,UPK-K/12580,"F-I-1, F-I-3b, F-II-1a, F-II-1b, F-II-1c, F-II-2a, F-II-2b, F-II-6a, F-II-6b, F-II-7, F-III-1a, F-III-1b, F-III-1d"
380/01,SERIBU JAYA CONSTRUCTION,Works,Valid,3/5/2028,yes,3/5/2028,UPK-K/12002,"F-I-1, F-I-2ia, F-I-2iia, F-II-5a, F-II-5b, F-II-5c, F-III-1a, F-III-1b, F-III-1d, F-III-1e, F-III-2a"
SA2011998,SHAHIMAS ENTERPRISE,Works,Valid,22/01/2027,yes,22/01/2027,A/6544() & UPK-B/05889,"F-I-1, F-I-2ia, F-I-2iia, F-I-2ib, F-I-2iib, F-II-1a, F-II-1b, F-II-2a, F-II-2b, F-II-5a, F-II-5b, F-II-5c, F-II-6a, F-II-6b, F-III-1a, F-III-1b, F-III-1c, F-III-1d"
3-Feb,SINAR CAHAYA DUA ENTERPRISE,Works,Valid,3/12/2027,yes,3/12/2027,UPK-K/12925 & UPK-B/05819,"E-I-1, E-II-1a, E-II-1b, E-II-1c, E-II-2a, E-II-2b, E-II-5a, E-II-5b, E-II-5c, E-II-6a, E-II-6b, E-IV-4a, E-IV-4b"
SA20141628,SINAR PETER ENTERPRISE,Works,Valid,11/6/2026,yes,11/6/2026,-,"F-II-5a, F-II-5b, F-II-5c, F-II-6a, F-II-6b, F-III-1a, F-III-1b, F-III-1c, F-III-1d, F-III-1e"
SA2009684,SL JAYA & SERVICES CONTRACTOR,Works,Valid,6/4/2026,yes,6/4/2026,"UPK-K/11280, UPK-M/00686 & UPK-B/05002","F-II-1a, F-II-1b, F-II-1c, F-II-2a, F-II-2b, F-II-5a, F-II-5b, F-II-1a, E-III-1a, E-III-1b, E-IV-4b, E-VI-5iia, E-VI-5b"
535/99,SONO ENTERPRISE,Works,Valid,9/6/2026,yes,9/6/2026,"UPK-K/11587, UPK-M/00721 & UPK-B/02280","E-I-1, E-I-2ia, E-I-2iia, E-I-2ib, E-I-2iib, E-I-3iia, E-II-1a, E-II-1b, E-II-1c, E-II-2a, E-II-2b, E-II-5a, E-II-5b, E-II-5c, E-II-6a, E-II-6b, E-II-7, E-III-1a, E-III-1b, E-III-1d, E-III-1e, E-III-2a, E-III-2b, E-III-2c, E-III-2d, E-III-3a, E-III-3b, E-III-3c, E-III-4a, E-III-4b, E-III-4c, E-IV-1b, E-IV-4a, E-IV-4b, E-VI-5ia, E-VI-5iia, E-VI-5b, E-VI-6"
903/96,SQUAUIAN ENTERPRISE,Works,Valid,8/12/2027,yes,8/12/2027,UPKJ-K/08709,"E-I-1, E-II-1a, E-II-1b, E-II-1c, E-II-2a, E-II-2b, E-II-5a, E-II-5b, E-II-5c, E-II-6a, E-II-6b, E-III-1a, E-III-1b, E-III-1c, E-III-1d, E-III-1e, E-III-2a, E-III-2b, E-III-2c, E-III-2d, E-III-3c, E-IV-1b, E-IV-4a, E-IV-4b, E-VI-5ia, E-VI-5iia, E-VI-5b"
SA20111523,SRI BANYOK ENTERPRISE CO.,Works,Expired,1/6/2022,yes,1/6/2022,UPK-K/09229,"F-II-1a, F-II-1b, F-II-1c, F-II-1d, F-II-2a, F-II-2b, F-II-3a, F-II-3b, F-II-3c, F-II-4, F-II-5a, F-II-5b, F-II-5c, F-II-6, F-II-6a, F-II-6b, F-II-7, F-II-8, F-II-9, F-II-10a, F-II-10b, F-II-10c, F-II-10d, F-II-10e, F-II-11"
304/85,SRI RAJANG CONTRACTOR,Works,Valid,20/04/2027,yes,20/04/2027,UPK-K/12998,"F-I-1, F-I-2iia, F-III-2a, E-II-1a, E-II-1b, E-II-1c, E-II-2a, E-II-2b, E-II-5a, E-II-5b, E-II-5c, E-II-6a, E-II-6b, E-II-7"
SA20111363,SRI WAJAH ENTERPRISE,Works,Valid,24/02/2027,yes,24/02/2027,UPK-K/11304 & UPK-B/05300,"E-I-1, E-I-2iic, E-II-1a, E-II-1b, E-II-1c, E-II-2a, E-II-2b, E-II-5a, E-II-5b, E-II-5c, E-II-6a, E-II-6b, E-II-7, E-III-1a, E-III-1b, E-III-1c, E-III-1d, E-III-1e, E-III-2a, E-III-2b, E-III-2c, E-III-2d, E-III-3a, E-III-3b, E-III-3c, E-III-4a, E-III-4b, E-III-4c, E-IV-1a, E-IV-1b, E-IV-2a, E-IV-3, E-IV-4a, E-IV-4b, E-VI-5b"
SA20081292,SUKABUMI CONSTRUCTION CO.,Works,Expired,13/05/2021,yes,13/05/2021,UPK-K/10986,"F-II-1a, F-II-1b, F-II-1c, F-II-1d, F-II-2a, F-II-2b, F-II-3a, F-II-3b, F-II-3c, F-II-4, F-II-5a, F-II-5b, F-II-5c, F-II-6, F-II-6a, F-II-6b, F-II-7, F-II-8, F-II-9, F-II-10a, F-II-10b, F-II-10c, F-II-10d, F-II-10e, F-II-11, D-I-1, D-I-2ia, D-I-2iia, D-I-2ib, D-I-2iib, D-I-2ic, D-I-2iic, D-I-3ia, D-I-3iia, D-I-3b, D-I-3c, D-I-4a, D-I-4b, D-I-4c, D-I-4d, D-I-5a, D-I-5b, D-I-6, D-I-7, D-I-8, D-III-1a, D-III-1b, D-III-1c, D-III-1d, D-III-1e, D-III-2a, D-III-2b, D-III-2c, D-III-2d, D-III-3a, D-III-3b, D-III-3c, D-III-4a, D-III-4b, D-III-4c"
SA20161472,SUPER TWIN ENTERPRISE,Works,Valid,14/08/2026,yes,14/08/2026,UPK-K/10360 & UPK-B/05060,"E-III-1a, E-III-1b, E-III-1c, E-III-1d, E-III-1e, E-III-2a, E-III-2b, E-III-2c, E-III-2d, E-III-3a, E-III-3b, E-III-3c, E-III-4a, E-III-4b, E-III-4c, E-IV-1a, E-IV-1b, E-IV-2a, E-IV-4a, E-IV-4b, F-II-1a, F-II-1b, F-II-1c, F-II-2a, F-II-2b, F-II-5a, F-II-5b, F-II-5c, F-II-6a, F-II-6b, F-II-7"
1135781-M,SUTERA MUDA SDN. BHD.,Works,Expired,9/11/2025,yes,9/11/2025,,"A-I-1, A-II-1a, A-II-1b, A-II-1c, A-II-2a, A-II-2b, A-II-3a, A-II-3c, A-II-5a, A-II-5b, A-II-5c, A-II-6a, A-II-6b, A-II-7, A-III-1a, A-III-1b, A-III-1c, A-III-1d, A-III-1e, A-III-2a, A-III-2b, A-III-2c, A-III-2d, A-III-4c, A-IV-1a, A-IV-1b, A-IV-2a, A-IV-4a, A-IV-4b"
SA20171090,SYAFEEYA ENTERPRISE,Works,Valid,3/12/2027,yes,3/12/2027,UPK-K/11388,"F-II-5a, F-II-5b"
SA20170646,SYAHIRAH ENTERPRISE,Works,Valid,2/2/2027,yes,2/2/2027,UPK-K/11340,"E-I-1, E-I-2ia, E-I-2iia, E-I-2ib, E-I-2iib, E-I-2ic, E-I-2iic, E-I-3ia, E-I-3iia, E-I-3b, E-I-3c, E-I-4a, E-I-4b, E-I-4c, E-I-4d, E-I-5a, E-I-5b, E-I-6, E-I-7, E-I-8, E-II-1a, E-II-1b, E-II-1c, E-II-1d, E-II-2a, E-II-2b, E-II-3a, E-II-3b, E-II-3c, E-II-4, E-II-5a, E-II-5b, E-II-5c, E-II-6, E-II-6a, E-II-6b, E-II-7, E-II-8, E-II-9, E-II-10a, E-II-10b, E-II-10c, E-II-10d, E-II-10e, E-II-11"
661/91,SYARIKAT AL-FA KONTRAKTOR,Works,Valid,25/05/2026,yes,25/05/2026,UPK-K/06140 & UPK-B/03365,"F-II-1a, F-II-1b, F-II-1c, F-II-2a, F-II-2b, F-II-5a, F-II-5b, F-II-5c, F-II-6a, F-II-6b, F-III-1a, F-III-1b, F-III-1d, F-III-2a"
475/85,SYARIKAT ALICO,Works,Expired,22/12/2025,yes,22/12/2025,"UPK-K/06522, UPK-B/00388 & UPK-B/05185","E-IV-1a, E-IV-1b, E-IV-2a, E-IV-4a, E-IV-4b, E-VI-5b, F-II-1a, F-II-1b, F-II-1c, F-II-2a, F-II-2b, F-II-5a, F-II-5b, F-II-5c, F-II-6a, F-II-6b"
SA20151302,SYARIKAT AYUNA,Works,Expired,10/4/2022,yes,10/4/2022,,"F-I-1, F-I-2ia, F-I-2iia, F-I-2ib, F-I-2iib, F-I-2ic, F-I-2iic, F-I-3ia, F-I-3iia, F-I-3b, F-I-3c, F-I-4a, F-I-4b, F-I-4c, F-I-4d, F-I-5a, F-I-5b, F-I-6, F-I-7, F-I-8, F-II-1a, F-II-1b, F-II-1c, F-II-1d, F-II-2a, F-II-2b, F-II-3a, F-II-3b, F-II-3c, F-II-4, F-II-5a, F-II-5b, F-II-5c, F-II-6, F-II-6a, F-II-6b, F-II-7, F-II-8, F-II-9, F-II-10a, F-II-10b, F-II-10c, F-II-10d, F-II-10e, F-II-11"
816/96,SYARIKAT AZZATY,Works,Valid,28/08/2027,yes,28/08/2027,UPK-K/08995,"E-I-1, E-I-4a, E-I-4b, E-I-4c, E-II-1a, E-II-1b, E-II-1c, E-II-2a, E-II-2b, E-II-5a, E-II-5b, E-II-6a, E-II-6b, E-II-7, E-III-1a, E-III-1b, E-III-1d, E-III-1e, E-III-2a, E-III-2b, E-III-2c, E-III-2d, E-III-3a, E-III-3b, E-III-3c"
120/97,SYARIKAT BELALANG MAS,Works,Valid,17/07/2026,yes,17/07/2026,UPK-K/12278,"F-I-1, F-I-2ia, F-I-2iia, F-I-2ib, F-I-2iib, F-I-3ia, F-I-3iia, F-II-5a, F-II-5b, F-II-5c, F-II-6a, F-II-6b, F-II-7, E-III-1a, E-III-1b, E-III-1c, E-III-1d, E-III-1e, E-III-2a, E-III-2b, E-III-2c, E-III-2d, E-III-3a, E-III-3b, E-III-3c, E-IV-1a, E-IV-1b, E-IV-4a, E-IV-4b, E-VI-5ia, E-VI-5iia, E-VI-5b, E-VI-5c, E-VI-6"
541/82,SYARIKAT BERJAYA BERSATU,Works,Valid,4/5/2026,yes,4/5/2026,541/82,"E-I-1, E-I-2ia, E-I-2iia, E-I-2ib, E-I-2iib, E-I-2ic, E-I-2iic, E-I-4a, E-I-4b, E-I-4c, E-II-1a, E-II-1b, E-II-1c, E-II-2a, E-II-2b, E-II-5a, E-II-5b, E-II-5c, E-II-6a, E-II-6b, E-III-1a, E-III-1b, E-III-1c, E-III-1d, E-III-1e, E-III-2a, E-III-2b, E-III-2c, E-III-2d, E-III-3a, E-III-3b, E-III-3c, E-IV-1a, E-IV-1b, E-IV-2a, E-IV-4a, E-IV-4b, E-VI-5ia, E-VI-5iia, E-VI-5b"
276/89,SYARIKAT BINTANG JAYA,Works,Valid,16/10/2026,yes,16/10/2026,UPK-K/06569,"D-I-1, D-I-4a, D-I-4c, D-II-1a, D-II-1b, D-II-1c, D-II-2a, D-II-2b, D-II-5a, D-II-5b, D-II-5c, D-II-6a, D-II-6b, D-II-7, D-III-1a, D-III-1b, D-III-1c, D-III-1d, D-III-1e, D-III-2a, D-III-2b, D-III-2c, D-III-2d, D-III-3a, D-III-3b, D-III-3c, D-IV-1b, D-IV-2a, D-IV-4a, D-IV-4b, D-VI-5ia, D-VI-5iia, D-VI-5b"
SA20170393,SYARIKAT BUDI EMAS,Works,Valid,22/06/2026,yes,22/06/2026, ,"E-II-2a, E-II-2b, E-II-6a, E-IV-1a, E-IV-1b, E-IV-2a, E-IV-3, E-IV-4a, E-IV-4b"
SA2012653,SYARIKAT BUMI BERJASA,Works,Valid,24/04/2027,yes,24/04/2027,,"F-II-1a, F-II-1b, F-II-1c, F-II-2a, F-II-2b, F-II-5a, F-II-5b, F-II-5c, F-II-6a, F-II-6b, F-III-1d"
SA20081096,SYARIKAT BUMINIAGA,Works,Expired,24/05/2020,yes,24/05/2020, ,"F-II-1a, F-II-1b, F-II-1c, F-II-1d, F-II-2a, F-II-2b, F-II-3a, F-II-3b, F-II-3c, F-II-4, F-II-5a, F-II-5b, F-II-5c, F-II-6, F-II-6a, F-II-6b, F-II-7, F-II-8, F-II-9, F-II-10a, F-II-10b, F-II-10c, F-II-10d, F-II-10e, F-II-11"
165/00,SYARIKAT BUSDYNOR,Works,Expired,3/1/2022,yes,3/1/2022, ,"F-I-1, F-I-2ia, F-I-2iia, F-I-2ib, F-I-2iib, F-I-2ic, F-I-2iic, F-I-3ia, F-I-3iia, F-I-3b, F-I-3c, F-I-4a, F-I-4b, F-I-4c, F-I-4d, F-I-5a, F-I-5b, F-I-6, F-I-7, F-I-8, F-II-1a, F-II-1b, F-II-1c, F-II-1d, F-II-2a, F-II-2b, F-II-3a, F-II-3b, F-II-3c, F-II-4, F-II-5a, F-II-5b, F-II-5c, F-II-6, F-II-6a, F-II-6b, F-II-7, F-II-8, F-II-9, F-II-10a, F-II-10b, F-II-10c, F-II-10d, F-II-10e, F-II-11, F-III-1a, F-III-1b, F-III-1c, F-III-1d, F-III-1e, F-III-2a"
SA20170979,SYARIKAT CAHAYA BULAN ENTERPRISE,Works,Expired,22/04/2021,yes,22/04/2021, ,"F-II-1a, F-II-1b, F-II-1c, F-II-1d, F-II-2a, F-II-2b, F-II-3a, F-II-3b, F-II-3c, F-II-4, F-II-5a, F-II-5b, F-II-5c, F-II-6, F-II-6a, F-II-6b, F-II-7, F-II-8, F-II-9, F-II-10a, F-II-10b, F-II-10c, F-II-10d, F-II-10e, F-II-11"
91/00,SYARIKAT CAHAYA MANTIS,Works,Expired,10/3/2026,yes,10/3/2026, ,"F-I-1, F-I-2iib, F-I-3iia, F-I-4a, F-I-4b, F-I-4c, F-II-1a, F-II-1b, F-II-1c, F-II-2a, F-II-2b, F-II-5a, F-II-5b, F-II-5c, F-II-6a, F-II-6b, F-III-1a, F-III-1b, F-III-1c, F-III-1d, F-III-1e"
621/04,SYARIKAT GALANG ENTERPRISE,Works,Expired,21/10/2021,yes,21/10/2021,UPK-K/05815,"E-III-1a, E-III-1b, E-III-1c, E-III-1d, E-III-1e, E-III-2a, E-III-2b, E-III-2c, E-III-2d, E-III-3a, E-III-3b, E-III-3c, E-III-4a, E-III-4b, E-III-4c"
302/96,SYARIKAT GANING TRADING,Works,Expired,30/12/2024,yes,30/12/2024,UPK-K/05814,"E-I-1, E-I-2ia, E-I-2iia, E-I-2ib, E-I-2iib, E-II-1a, E-II-1b, E-II-5a, E-III-1a, E-III-1b, E-III-1c, E-III-1d, E-III-1e, E-III-2a, E-III-2b, E-III-2c, E-III-2d, E-III-3a, E-III-3b, E-III-1a"
726/98,SYARIKAT ILHAM,Works,Valid,14/05/2027,yes,14/05/2027,UPK-K/11979,"C-I-1, C-I-2ib, C-I-2iib, C-II-1a, C-II-1b, C-II-1c, C-II-2a, C-II-2b, C-II-3a, C-II-5a, C-II-5b, C-II-5c, C-III-1a, C-III-1b, C-III-1d, C-III-1e, C-III-2a, C-III-2b, C-III-2c, C-III-2d, C-III-3a, C-III-3b, C-III-3c, C-IV-1b, C-IV-2a, C-IV-4a, C-IV-4b, C-VI-5b"
938/02,SYARIKAT JAYA CONSTRUCTION,Works,Valid,19/01/2027,yes,19/01/2027,UPK-K/12600,"D-I-1, D-I-4a, D-I-4b, D-I-4c, D-III-1a, D-III-1b, D-III-1c, D-III-1d, D-III-1e, D-III-2a, D-III-2b, D-III-2c, D-III-2d, D-III-3a, D-III-3b, D-III-3c, D-III-4a, D-III-4b, D-III-4c, E-VI-5b"
 SA20151190,SYARIKAT K & S ENTERPRISE,Works,Valid,18/02/2027,yes,18/02/2027,UPK-K/13074 & C/3854(5),"F-I-1, F-II-1a, F-II-1b, F-II-1c, F-II-2a, F-II-2b, F-II-5a, F-II-5b, F-II-5c, F-II-6a, F-III-1b, F-III-1d, F-III-2a"
SA20161213,SYARIKAT KASSIM BINA,Works,Valid,19/06/2026,yes,19/06/2026,UPK-K/12625,"E-I-1, E-I-2ia, E-I-2iia, E-I-2ib, E-I-2iib, E-I-2iic, E-I-3ia, E-I-3iia, E-II-1a, E-II-1b, E-II-1c, E-II-2a, E-II-2b, E-II-5a, E-II-5b, E-II-5c, E-II-6a, E-II-6b, E-II-7, E-III-1a, E-III-1b, E-III-1c, E-III-1d, E-III-1e, E-III-2a, E-III-2b, E-III-2c, E-III-2d, E-III-3a, E-III-3b, E-III-3c, E-III-4a, E-III-4b, E-III-4c, E-IV-1a, E-IV-1b, E-IV-2a, E-IV-2b, E-IV-4a, E-IV-4b, E-VI-5ia, E-VI-5iia, E-VI-5b, E-VI-5c, E-VI-5d, E-VI-6"
691/92,SYARIKAT MASLAMA,Works,Expired,6/12/2022,yes,6/12/2022,UPK-K/09494,"F-II-1a, F-II-1b, F-II-1c, F-II-2a, F-II-2b, F-II-5a, F-II-5b, F-II-5c, F-II-6a, F-II-6b, F-III-1a, F-III-1b, F-III-1d"
596/97,SYARIKAT MMA BUMI,Works,Expired,19/02/2025,yes,19/02/2025,UPK-K/12904 & C/1795(22),"C-II-1a, C-II-1b, C-II-1c, C-II-1d, C-II-2a, C-II-2b, C-II-3a, C-II-3b, C-II-3c, C-II-4, C-II-5a, C-II-5b, C-II-5c, C-II-6, C-II-6a, C-II-6b, C-II-7, C-II-8, C-II-9, C-II-10a, C-II-10b, C-II-10c, C-II-10d, C-II-10e, C-II-11, C-II-1a, C-II-1ib, C-II-1iib, C-II-1c, C-II-1id, C-II-1iid, C-II-2a, C-II-2b, C-II-2c, C-II-2d, C-II-3i, C-II-3ii, C-II-3iii, C-II-4a, C-II-4b, C-II-4c, C-II-4d, C-II-4e, C-II-4f, C-II-5ia, C-II-5iia, C-II-5iiia, C-II-5ib, C-II-5iib, C-II-5iiib, C-II-5c, C-II-6a, C-II-6b, C-II-6c, C-II-6d, C-II-6e, C-II-6f, C-II-6g, C-II-7a, C-II-7b, C-II-7c, C-II-7d, C-II-7e, C-II-7f, C-II-8a, C-II-8b, C-II-8c, C-II-8d, C-II-8e, C-II-9a, C-II-9b, C-II-9c, C-II-10, C-II-11a, C-II-11b, C-II-11c, C-II-12, D-I-1, D-I-2ib, D-I-2iib, D-I-2iic, D-I-3iia, D-I-4a, D-I-4b, D-I-4c, D-III-1a, D-III-1b, D-III-1c, D-III-1d, D-III-1e, D-III-2a, D-III-2b, D-III-2c, D-III-2d, D-III-3a, D-III-3b, D-III-3c, D-III-4a, D-III-4b, D-III-4c, D-IV-1a, D-IV-1b, D-IV-2a, D-IV-3, D-IV-4a, D-IV-4b, D-VI-5ia, D-VI-5iia, D-VI-5b, D-VI-5c, D-VI-5d, D-VI-6"
SA2014995,SYARIKAT MOHASEL KONTRAKTOR,Works,Valid,21/03/2027,yes,21/03/2027,UPKJ/W/000592,"F-I-1, F-I-2ia, F-I-2iia, F-I-2ib, F-I-2iib, F-I-2iic, F-I-3ia, F-I-3iia, F-II-1a, F-II-1b, F-II-1c, F-II-2a, F-II-2b, F-II-5a, F-II-5b, F-II-5c, F-II-6a, F-II-6b, F-II-7, F-III-1a, F-III-1b, F-III-1c, F-III-1d, F-III-1e, F-III-2a"
SA2013373,SYARIKAT MYA ENTERPRISE,Works,Expired,24/05/2020,yes,24/05/2020,UPK-K/10200,"F-III-1a, F-III-1b, F-III-1c, F-III-1d, F-III-1e, F-III-2a"
SA2013159,SYARIKAT NAJEBA,Works,Expired,6/12/2020,yes,6/12/2020,UPK-K/07243,"F-II-1a, F-II-1b, F-II-1c, F-II-1d, F-II-2a, F-II-2b, F-II-3a, F-II-3b, F-II-3c, F-II-4, F-II-5a, F-II-5b, F-II-5c, F-II-6, F-II-6a, F-II-6b, F-II-7, F-II-8, F-II-9, F-II-10a, F-II-10b, F-II-10c, F-II-10d, F-II-10e, F-II-11"
643/92,SYARIKAT PENGHANTARAN NUSAPUTERA,Works,Expired,27/08/2025,yes,27/08/2025,UPK-K/13867,"F-II-1a, F-II-1b, F-II-1c, F-II-2a, F-II-5a, F-II-5b, F-II-5c, F-II-6a, F-II-6b, F-II-7, E-I-1, E-I-2iia, E-I-2iib, E-III-1a, E-III-1b, E-III-1c, E-III-1d, E-III-1e, E-III-3a, E-III-3b, E-III-3c, E-IV-1a, E-IV-1b, E-IV-2a, E-IV-4a, E-IV-4b, E-VI-5b"
SA20160512,SYARIKAT PUTERI MAYANG ENTERPRISE,Works,Expired,28/08/2019,yes,28/08/2019,UPK-K/09035,"F-II-1a, F-II-1b, F-II-1c, F-II-1d, F-II-2a, F-II-2b, F-II-3a, F-II-3b, F-II-3c, F-II-4, F-II-5a, F-II-5b, F-II-5c, F-II-6, F-II-6a, F-II-6b, F-II-7, F-II-8, F-II-9, F-II-10a, F-II-10b, F-II-10c, F-II-10d, F-II-10e, F-II-11"
478/94,SYARIKAT RAHIFA KONTRAKTOR,Works,Expired,23/12/2022,yes,23/12/2022,UPK-K/04270,"F-I-1, F-II-1a, F-II-1b, F-II-1c, F-II-2a, F-II-2b, F-II-5a, F-II-5b, F-II-5c, F-II-6a, F-II-6b, F-II-7, F-III-1a, F-III-1b"
SA20160165,SYARIKAT SENANG HATI,Works,Valid,23/03/2027,yes,23/03/2027,UPK-K/13081 & UPK-B/05872,"F-I-1, F-I-2ia, F-I-2iia, F-I-2ib, F-I-2iib, F-I-2ic, F-I-2iic, F-I-3ia, F-I-3iia, F-I-3b, F-I-3c, F-I-4a, F-I-4b, F-I-4c, F-I-4d, F-I-5a, F-I-5b, F-I-6, F-I-7, F-I-8, F-II-5a, F-II-5b, F-III-1a, F-III-1b, F-III-1c, F-III-1d, F-III-1e, F-III-2a"
213/85,SYARIKAT SRI BERJAYA,Works,Expired,22/12/2025,yes,22/12/2025,"UPK-K/06708, UPK-K/10438 & UPK-B/03617","D-I-1, D-I-2ib, D-I-2iib, D-III-1c, D-III-1d, D-III-1e, D-III-2a, D-III-2b, D-III-2c, D-III-2d, D-III-3a, D-III-3b, D-III-3c, D-IV-1a, D-IV-1b, D-IV-2a, D-IV-4a, D-IV-4b, D-VI-5ia, D-VI-5iia, D-VI-5b, D-VI-5c, F-II-1a, F-II-1b, F-II-1c, F-II-2a, F-II-2b, F-II-5a, F-II-5b, F-II-5c, F-II-6a, F-II-6b"
217/00,SYARIKAT SUNGEI BUNUT,Works,Valid,27/02/2028,yes,27/02/2028,UPK-K/07422,"F-I-1, F-I-2ib, F-I-2iib, F-II-1a, F-II-1b, F-II-1c, F-II-2a, F-II-2b, F-II-5a, F-II-5b, F-II-5c, F-II-6, F-II-7, F-III-1d, F-III-2a"
REG-45B90DA806,SYARIKAT TINTING RINDANG,Works,Valid,25/04/2027,yes,25/04/2027,,"F-II-1a, F-II-1c, F-II-2a, F-II-2b, F-II-5a, F-II-5b, F-II-5c, F-II-6a, F-II-6b, F-II-7, F-III-1a, F-III-1b, F-III-1c, F-III-1d"
196/76,SYARIKAT ZAM ZAM,Works,Valid,6/11/2027,yes,6/11/2027,UPK-K/13298,"E-I-1, E-I-3iia, E-II-1a, E-II-1b, E-II-1c, E-II-2a, E-II-2b, E-II-5a, E-II-5b, E-II-5c, E-II-6a, E-II-6b, E-II-7, E-III-1a, E-III-1b, E-III-1c, E-III-1d, E-III-1e, E-III-2a, E-III-2b, E-III-2c, E-III-2d, E-III-3b, E-III-3c, E-III-4a, E-III-4b, E-III-4c, E-IV-1a, E-IV-1b, E-IV-2a, E-IV-3, E-IV-4a, E-IV-4b, E-VI-5b"
1034/01,TECHNICAL SOLUTIONS,Works,Expired,18/06/2022,yes,18/06/2022, -,"F-II-1a, F-II-1b, F-II-1c, F-II-1d, F-II-2a, F-II-2b, F-II-3a, F-II-3b, F-II-3c, F-II-4, F-II-5a, F-II-5b, F-II-5c, F-II-6, F-II-6a, F-II-6b, F-II-7, F-II-8, F-II-9, F-II-10a, F-II-10b, F-II-10c, F-II-10d, F-II-10e, F-II-11, F-III-1a, F-III-1b, F-III-1c, F-III-1d, F-III-1e, F-III-2a"
SA20141375,TOM BUMIPUTRA KONTRAKTOR,Works,Expired,13/03/2026,yes,13/03/2026,UPK-K/11851,"F-I-1, F-II-1a, F-II-2a, F-II-5a, F-II-5b, F-II-5c, F-II-6a, F-II-6b, E-III-1a, E-III-1b, E-III-1c, E-III-1d, E-III-1e, E-III-2a, E-III-2c, E-III-2d, E-III-3a, E-III-3b, E-III-3c"
SA20190125,TRILLION69 ENTERPRISE,Works,Expired,11/12/2022,yes,11/12/2022,UPK-K/14372,"F-II-5a, F-II-5b"
SA2009480,TRIO-A ENTERPRISE,Works,Valid,2/8/2027,yes,2/8/2027,UPK-K/09530 & UPK-B/04749,"C-I-1, C-I-2ia, C-I-2ib, C-I-2iib, C-I-3ia, C-I-3iia, C-I-4a, C-I-4b, C-I-4c, C-I-6, C-II-1a, C-II-1c, C-II-2a, C-II-2b, C-II-3a, C-II-3c, C-II-5a, C-II-5b, C-II-5c, C-II-6a, C-II-6b, C-II-7, C-III-1a, C-III-1b, C-III-1c, C-III-1d, C-III-1e, C-III-2a, C-III-2b, C-III-2c, C-III-2d, C-III-3a, C-III-3b, C-III-3c, C-III-4a, C-III-4b, C-III-4c, C-IV-1a, C-IV-2a, C-IV-3, C-IV-4a, C-IV-4b, C-VI-5ia, C-VI-5iia, C-VI-5b, C-VI-5c, C-VI-5d, C-VI-6"
SA20200944,TUAH JAYA ENTERPRISE,Works,Expired,25/10/2025,yes,25/10/2025,UPKJ/W/007477,"F-I-1, F-II-2a, F-II-5a, F-II-5c, F-II-6a, F-II-6b, F-III-1a, F-III-1b, F-III-1c, F-III-1d, F-III-1e, F-III-2a"
SA20091321,TUAI RUMAH SIJAH ENTERPRISE,Works,Expired,30/07/2025,yes,30/07/2025, -,"E-I-4a, E-I-4b, E-I-4c, E-II-1a, E-II-1b, E-II-1c, E-II-2a, E-II-2b, E-II-4, E-II-5a, E-II-5b, E-II-5c, E-III-1d, E-III-2a"
SA2012741,TUJUH GAGASAN ENTERPRISE,Works,Valid,25/06/2027,yes,25/06/2027,UPK-K/10956 & UPK-B/04865,"D-I-1, D-I-3iia, D-II-1a, D-II-1b, D-II-1c, D-II-2a, D-II-2b, D-II-5a, D-II-5b, D-II-5c, D-II-6a, D-II-6b, D-III-1a, D-III-1b, D-III-1c, D-III-1d, D-III-1e, D-III-2a, D-III-2b, D-III-2c, D-III-2d, D-III-3a, D-III-3b, D-III-3c, D-IV-1b, D-IV-4a, D-IV-4b"
SBU/BNR/1275/2021,TUN MAWANG ENTERPRISE,Works,Valid,25/05/2026,yes,25/05/2026,UPKJ/W/009769,"F-II-5a, F-II-6a"
28/97,TUPUAN ENTERPRISE,Works,Valid,24/08/2027,yes,24/08/2027,UPK-K/13135,"F-I-1, F-II-1a, F-II-1b, F-II-1c, F-II-2a, F-II-2b, F-II-5a, F-II-5b, F-II-5c, F-II-6a, F-II-6b, F-III-1a, F-III-1b, F-III-1d"
158/99,UNILINKS ENTERPRISE,Works,Expired,1/1/2023,yes,1/1/2023,UPK-K/09725,"E-I-1, E-I-2ia, E-I-2iia, E-II-2a, E-II-2b, E-II-5a, E-II-5b, E-II-5c, E-II-6a, E-II-6b, E-III-1a, E-III-1b, E-III-1c, E-III-1d, E-III-1e, E-III-2a, E-III-2b, E-III-2c, E-III-2d, E-III-3a, E-III-3b, E-III-3c"
SA2013335,USAHA SAMA TRADING,Works,Expired,16/11/2022,yes,16/11/2022,UPK-K/09439,"F-II-5a, F-II-5c"
REG-9AD02EDA67,WAHAFAFA ENTERPRISE,Works,Valid,29/03/2027,yes,29/03/2027,,"F-I-1, F-II-1a, F-II-1b, F-II-2a, F-II-2b, F-II-5a, F-II-5c, F-II-6a, F-III-1a, F-III-1b, F-III-1d, F-III-1e"
438/83,WAN MAS CONSTRUCTION & COMPANY,Works,Valid,20/11/2027,yes,20/11/2027,UPK-K/06648,"E-I-1, E-I-3ia, E-I-3iia, E-I-3b, E-I-3c, E-II-1a, E-II-1b, E-II-1c, E-II-2a, E-II-2b, E-II-5a, E-II-5b, E-II-5c, E-II-6a, E-II-6b, E-III-1a, E-III-1b, E-III-1c, E-III-1d, E-III-1e, E-III-2a, E-III-2b, E-III-2c, E-III-2d, E-III-3a, E-III-3b, E-III-3c"
789/06,WANT N WILL ENTERPRISE,Works,Valid,14/05/2027,yes,14/05/2027,,"F-II-5a, F-II-5b, F-II-5c, F-III-1d"
SA20171170,WAWASAN MD ENTERPRISE,Works,Valid,15/07/2026,yes,15/07/2026,UPK-K/11791,"E-I-1, E-I-2ia, E-I-2iia, E-I-2ib, E-I-2iib, E-I-2ic, E-I-2iic, E-I-3ia, E-I-3iia, E-I-3b, E-I-3c, E-I-4a, E-I-4b, E-I-4c, E-I-4d, E-I-5a, E-I-5b, E-I-6, E-I-7, E-I-8, F-II-1a, F-II-1b, F-II-1c, F-II-2a, F-II-2b, F-II-5a, F-II-5c, F-II-6a, F-II-6b, F-III-1a, F-III-1b, F-III-1c, F-III-1d, F-III-1e"
957584-H,WHE CONTRACT SDN. BHD.,Works,Valid,15/10/2026,yes,15/10/2026,UPK-K/14402,"A-I-1, A-I-2ia, A-I-3ia, A-I-3iia, A-I-4a, A-I-4b, A-I-4c, A-II-2a, A-II-2b, A-II-5a, A-II-5b, A-II-5c, A-III-1a, A-III-1b, A-III-1c, A-III-1d, A-III-1e, A-III-2a, A-III-2b, A-III-2c, A-III-2d, A-III-3b, A-III-4a, A-III-4b, A-III-4c, A-IV-2a, A-IV-2b, A-IV-4a, A-IV-4b, A-VI-5d"
SA20171133,ZURIZA ENTERPRISE,Works,Expired,12/1/2026,yes,12/1/2026,UPK-K/10996,"F-I-1, F-II-1a, F-II-1b, F-II-1c, F-II-2a, F-II-2b, F-II-5a, F-II-5b, F-II-5c, F-II-6a, F-II-6b, F-II-7, F-III-1a, F-III-1b"
REG-BF762EB5F4,AR-RAZZAQ ENTERPRISE,Works,Valid,6/8/2026,yes,6/8/2026,,"F-III-1a, F-III-1b, F-III-1c, F-III-1d, F-III-1e, F-III-2a"
REG-FEBEA71461,JSEA ENTERPRISE,Works,Valid,19/07/2026,yes,19/07/2026,,"F-II-5a, F-II-5b, F-II-5c"
SC2019/492,ANP ELECTRICAL WORKS & CONTRACTOR,Works,Valid,17/01/2028,yes,17/01/2028,,"F-II-5a, F-II-5b, F-II-1a"
SC2007009,AMIT ENTERPRISE,Works,Valid,26/08/2026,yes,26/08/2026,UPK-K/15374,"F-III-1a, F-III-1b, F-III-1c, F-III-1d, F-III-1e, F-III-2a"
REG-CF5A279D13,AWANG ENTERPRISE,Works,Valid,27/04/2027,yes,27/04/2027,,"F-I-1, F-I-2ia, F-I-2iia, F-I-2ib, F-I-2iib, F-I-2ic, F-I-2iic, F-I-3ia, F-I-3iia, F-I-3b, F-I-3c, F-I-4a, F-I-4b, F-I-4c, F-I-4d, F-I-5a, F-I-5b, F-I-6, F-I-7, F-I-8, F-II-1a, F-II-1b, F-II-1c, F-II-1d, F-II-2a, F-II-2b, F-II-3a, F-II-3b, F-II-3c, F-II-4, F-II-5a, F-II-5b, F-II-5c, F-II-6, F-II-6a, F-II-6b, F-II-7, F-II-8, F-II-9, F-II-10a, F-II-10b, F-II-10c, F-II-10d, F-II-10e, F-II-11"
SC2018/447,BORNEO LIGHT ENGINEERING,Works,Valid,20/05/2026,yes,20/05/2026,,"E-I-1, E-I-2ia, E-I-2iia, E-I-2ib, E-I-2iib, E-I-3iia, E-III-1a, E-III-1b, E-III-1c, E-III-1d, E-III-1e, E-III-2a, E-III-2b, E-III-2c, E-III-2d, E-III-3a, E-III-3b, E-III-3c, E-III-4a, E-III-4b, E-III-4c"
SC2016388,BULOH ENTERPRISE,Works,Valid,27/04/2027,yes,27/04/2027,UPK-K/11484,"F-II-1a, F-II-1b, F-II-1c, F-II-1d, F-II-2a, F-II-2b, F-II-3a, F-II-3b, F-II-3c, F-II-4, F-II-5a, F-II-5b, F-II-5c, F-II-6, F-II-6a, F-II-6b, F-II-7, F-II-8, F-II-9, F-II-10a, F-II-10b, F-II-10c, F-II-10d, F-II-10e, F-II-11"
SC2016385,CAHAYA PERMATA TUAH ENTERPRISE (CPT),Works,Valid,20/06/2026,yes,20/06/2026,UPK-K/11477,"F-I-1, F-II-1a, F-II-1b, F-II-1c, F-II-2a, F-II-2b, F-II-5a, F-II-5b, F-II-5c, F-II-6a, F-II-6b, F-II-7, F-III-1a, F-III-1b, F-III-1c, F-III-1d, F-III-1e, F-III-2a"
REG-7CB3A5196E,CSC CONSTRUCTION,Works,Expired,1/3/2025,yes,1/3/2025,,F-II-5a
SC2016379,ENJAU ENTERPRISE,Works,Valid,5/11/2026,yes,5/11/2026,UPK-K/10860,"F-I-1, F-II-5a, F-II-5b, F-II-5c, F-III-1a, F-III-1a"
SC2013266,GEMILANG ENTERPRISE,Works,Valid,18/02/2027,yes,18/02/2027,UPK-K/09426,"E-I-1, E-I-2ia, E-I-2iia, E-II-1a, E-II-1b, E-II-1c, E-II-5a, E-II-5b, E-II-5c, E-II-6a, E-II-6b, E-II-7, E-III-1a, E-III-1b, E-III-1c, E-III-1d, E-III-1e, E-III-2a, E-III-2b, E-III-2c, E-III-2d, E-III-3a, E-III-3b, E-III-3c, E-IV-4a, E-IV-4b"
SC2018436,GEVERO CONSTRUCTION,Works,Valid,13/04/2026,yes,13/04/2026,,"F-II-5a, F-II-5b, F-III-1a, F-III-1b, F-III-1c, F-III-1d, F-III-1e, F-III-2a, D-I-2iic, D-I-3iia, D-IV-1a, D-IV-1b, D-IV-2a, D-IV-4a, D-IV-4b"
SC2015356,GOLDEN KENYALANG GENERAL CONTRACTOR,Works,Valid,23/04/2026,yes,23/04/2026,UPK-K/10003,"F-I-1, F-II-5a, F-II-5b, F-II-5c, F-II-6a, F-II-6b, F-II-7, F-III-1a, F-III-1b, F-III-1c, F-III-1d"
S039/2003/C,JAYABINA ENTERPRISE,Works,Expired,7/10/2023,yes,7/10/2023,UPKJ-K/08547,"F-I-1, F-I-2ia, F-I-2iia, F-I-2ib, F-I-2iib, F-I-2ic, F-I-2iic, F-I-3ia, F-I-3iia, F-I-3b, F-I-3c, F-I-4a, F-I-4b, F-I-4c, F-I-4d, F-I-5a, F-I-5b, F-I-6, F-I-7, F-I-8, F-II-1a, F-II-1b, F-II-1c, F-II-1d, F-II-2a, F-II-2b, F-II-3a, F-II-3b, F-II-3c, F-II-4, F-II-5a, F-II-5b, F-II-5c, F-II-6, F-II-6a, F-II-6b, F-II-7, F-II-8, F-II-9, F-II-10a, F-II-10b, F-II-10c, F-II-10d, F-II-10e, F-II-11, F-III-1a, F-III-1b, F-III-1c, F-III-1d, F-III-1e, F-III-2a"
SC2019/485,JENN CONTRACTOR,Works,Expired,12/1/2024,yes,12/1/2024,UPK-K/16141,"F-I-1, F-I-2ia, F-I-2iia, F-III-1a, F-III-1b, F-III-1c, F-III-2a"
S/012/2003/C,JETI AK NGERAMBANG CONTRACTOR,Works,Valid,8/12/2026,yes,8/12/2026,UPK-K/07510,"F-I-1, F-I-3b, F-I-3c, F-II-5a, F-II-5b, F-II-5c, F-II-6a, F-II-7, F-III-1a, F-III-1b"
SC2016381,KENYALANG CONTRACTOR,Works,Expired,7/1/2026,yes,7/1/2026,UPK-K/09594,"F-I-1, F-I-2ia, F-I-2iia, F-I-2ib, F-I-2iib, F-I-3iia, F-II-1a, F-II-1b, F-II-1c, F-II-2a, F-II-2b, F-II-5a, F-II-5b, F-II-5c, F-II-6a, F-II-6b, F-III-1a, F-III-1b, F-III-1c, F-III-1d, F-III-1e, F-III-2a"
SC2014329,KENYALANG ENTERPRISE,Works,Expired,2/4/2024,yes,2/4/2024,UPK-K/12944,"F-II-1a, F-II-1b, F-II-1c, F-II-1d, F-II-2a, F-II-2b, F-II-3a, F-II-3b, F-II-3c, F-II-4, F-II-5a, F-II-5b, F-II-5c, F-II-6, F-II-6a, F-II-6b, F-II-7, F-II-8, F-II-9, F-II-10a, F-II-10b, F-II-10c, F-II-10d, F-II-10e, F-II-11"
SC2017401,KERESA CONSTRUCTION & SERVICES,Works,Valid,21/05/2027,yes,21/05/2027,A/7369(6),"E-I-1, E-III-1a, E-III-1b, E-III-1c, E-III-1d, E-III-1e, E-III-3a, E-III-3b, E-III-3c, F-II-1a, F-II-1b, F-II-1c, F-II-2a, F-II-2b, F-II-5a, F-II-5b, F-II-5c, F-II-6, F-II-7"
REG-8E5578DDF9,KUDEY GEMILANG ENTERPRISE,Works,Valid,8/12/2026,yes,8/12/2026,,"F-II-1a, F-II-1b, F-II-1c, F-II-2a, F-II-2b, F-II-5a, F-II-5b, F-II-5c, F-II-6a, F-II-6b, F-II-7, F-III-1a, F-III-1b"
SC2019/491,LUBOK TUGONG ENTERPRISE,Works,Valid,7/3/2027,yes,7/3/2027,UPKJ/W/000412,"F-I-1, F-I-2ib, F-I-2iib, F-II-5a, F-II-5b, F-II-5c, F-II-6a, F-II-6b, F-III-1a, F-III-1b, F-III-1c, F-III-1d, F-III-1e, F-III-2a"
S027/2003/C,LUDAN & SONS GENERAL CONTRACTOR & TRADING CO.,Works,Valid,21/12/2027,yes,21/12/2027,"UPK-K/09212, UPK-K/10907 & UPK-B/05213","F-I-1, F-I-2ia, F-I-2iia, F-I-4a, F-I-4b, F-I-4c, F-II-1a, F-II-1b, F-II-1c, F-II-2a, F-II-2b, F-II-5a, F-II-5b, F-II-5c, F-II-6a, F-II-6b, F-II-7, F-III-1a, F-III-1b, F-III-1c, F-III-1d, F-III-2a"
SC2007013,MASKATA ENTERPRISE,Works,Valid,20/06/2027,yes,20/06/2027,UPK-K/04623,"F-II-1a, F-II-1b, F-II-1c, F-II-2a, F-II-2b, F-II-5a, F-II-5b, F-II-5c, F-II-6a, F-II-6b"
SC2016386,MBDB CONSTRUCTION,Works,Valid,3/10/2026,yes,3/10/2026,UPK-K/10613,"E-II-5a, E-II-5c, E-II-6a, E-II-6b, E-III-1a, E-III-1b, E-III-1d, E-III-1e, E-III-2c, E-III-2d, E-III-4a, E-III-4c, E-IV-1b, E-IV-4a, E-IV-4b"
S054/2004/C,MEDAN PESAKA ENTERPRISE,Works,Valid,9/5/2026,yes,9/5/2026,UPK-K/07600,"F-II-5a, F-II-5b, F-II-6a, F-II-6b, F-III-1a, F-III-1b, F-III-1d, F-III-1e"
SC2019/487,PERMATA LIRAI ENTERPRISE,Works,Valid,14/03/2028,yes,14/03/2028,UPKJ/W/008914,"F-I-1, F-II-7"
SC2018434,R & R ENTEPRISE,Works,Valid,11/8/2027,yes,11/8/2027,UPK-K/15358,"E-III-1a, E-III-1b, E-III-1c, E-III-1d, E-III-1e, E-III-2a, E-III-2b, E-III-2c, E-III-2d, E-III-3a, E-III-3b, E-III-3c, E-III-4a, E-III-4b, E-III-4c, F-I-1, F-II-1a, F-II-1b, F-II-1c, F-II-2a, F-II-2b, F-II-5a, F-II-5b, F-II-5c, F-II-6a, F-II-6b"
SC2013265,ROYAL AUP COMPANY,Works,Expired,15/11/2025,yes,15/11/2025,UPK-K/11789,"E-VI-1, E-VI-5ia, E-VI-5iia, E-VI-5b, E-VI-5c, E-VI-5d, E-VI-1, E-VI-3, D-IV-1a, D-IV-1b, D-IV-2a, D-IV-2b, D-IV-3, D-IV-4a, D-IV-4b"
SC2016375,SARUMA JAYA GENERAL CONTRACTOR,Works,Valid,18/02/2027,yes,18/02/2027,UPK-K/11146,"F-I-1, F-I-2iia, F-I-2ib, F-I-2iib, F-I-2iic, F-I-3ia, F-I-3iia, F-II-1a, F-II-1b, F-II-1c, F-II-2a, F-II-2b, F-II-5a, F-II-5b, F-II-5c, F-II-6a, F-II-6b, F-II-7, E-III-1a, E-III-1b, E-III-1c, E-III-1d, E-III-1e, E-III-2a, E-III-2b, E-III-2c, E-III-2d, E-III-3a, E-III-3b, E-III-3c, E-III-4a, E-III-4b, E-III-4c, E-IV-1a, E-IV-1b, E-IV-2a, E-IV-3, E-IV-4a, E-IV-4b"
SC2018/457,SEGAMANG ENTERPRISE,Works,Valid,12/10/2027,yes,12/10/2027,UPK-K/14376,"F-II-5a, F-II-5b, F-II-5c"
S101/2004/C,SENIBONG JATI ENTERPRISE,Works,Valid,1/5/2026,yes,1/5/2026,UPK-K/10006,"F-I-1, F-I-2ib, F-II-5a, F-II-5b, F-II-5c, F-II-6a, F-II-6b, F-II-7, F-III-1a, F-III-1b, F-III-1c, F-III-1d"
S056/2004/C,SRI TANYIT ENTERPRISE,Works,Valid,1/9/2026,yes,1/9/2026,UPK-K/09041,"F-I-1, F-II-1a, F-II-1b, F-II-1c, F-II-5a, F-II-5b, F-II-5c, F-II-6a, F-II-6b, F-III-1a"
SC2017411,SYARIKAT ARAU JAYA,Works,Valid,28/10/2027,yes,28/10/2027,UPK-K/14301,"F-II-5a, F-II-5b, F-II-5c"
S020/2003/C,SYARIKAT BUMI SEKUAU,Works,Valid,27/12/2026,yes,27/12/2026,UPK-K/12903,"F-I-1, F-II-1a, F-II-1b, F-II-2a, F-II-2b, F-III-1a, F-III-1b, F-III-1c, F-III-1d, F-III-1e, F-III-2a"
SC2007018,SYARIKAT BUNGA TAMIN,Works,Valid,19/06/2026,yes,19/06/2026,UPK-K/11234,"E-I-1, E-I-4a, E-I-4b, E-I-4c, E-II-1a, E-II-1b, E-II-1c, E-II-2a, E-II-2b, E-II-4, E-II-5a, E-II-5b, E-II-5c, E-II-6a, E-II-6b, E-III-1a, E-III-1b, E-III-1c, E-III-1d, E-III-1e, E-III-2a, E-III-2b, E-III-2c, E-III-2d, E-III-3a, E-III-3b, E-III-3c, E-III-4a, E-III-4b, E-III-4c"
S165/52005/C,SYARIKAT BINTANG MAS,Works,Valid,11/6/2027,yes,11/6/2027,UPKJ/W/005575,"F-III-1a, F-III-1b, F-III-1c, F-III-1d, F-III-1e"
S133/2005/C,SYARIKAT DANAURIA SELANGAU,Works,Valid,6/8/2027,yes,6/8/2027,"UPK-K/04818, UPK-B/02693","F-II-1b, F-II-1c, F-II-2a, F-II-2b, F-II-5a, F-II-5b, F-II-5c, F-II-6a, F-II-6b"
SC2007006,SYARIKAT JUCOBAS MAJUJAYA,Works,Expired,1/3/2022,yes,1/3/2022,UPK-K/12616,"F-II-1a, F-II-1b, F-II-1c, F-II-1d, F-II-2a, F-II-2b, F-II-3a, F-II-3b, F-II-3c, F-II-4, F-II-5a, F-II-5b, F-II-5c, F-II-6, F-II-6a, F-II-6b, F-II-7, F-II-8, F-II-9, F-II-10a, F-II-10b, F-II-10c, F-II-10d, F-II-10e, F-II-11, F-III-1a, F-III-1b, F-III-1c, F-III-1d, F-III-1e, F-III-2a"
S041/2003/C,SYARIKAT KONSACO,Works,Valid,17/12/2027,yes,17/12/2027,"UPK-K/03397, UPK-K/10624 & UPK-B/03591","F-I-1, F-I-2ia, F-I-2iia, F-I-2ib, F-I-2iib, F-I-3iia, F-II-1a, F-II-1b, F-II-1c, F-II-2a, F-II-2b, F-II-5a, F-II-5b, F-II-5c, F-II-6a, F-II-6b, F-III-1a, F-III-1b, F-III-1d, F-III-2a"
S067/2004/C,SYARIKAT LALANG,Works,Expired,31/12/2021,yes,31/12/2021,UPK-K/11989,"F-I-1, F-I-2ia, F-I-2iia, F-I-2ib, F-I-2iib, F-I-2ic, F-I-2iic, F-I-3ia, F-I-3iia, F-I-3b, F-I-3c, F-I-4a, F-I-4b, F-I-4c, F-I-4d, F-I-5a, F-I-5b, F-I-6, F-I-7, F-I-8, F-II-1a, F-II-1b, F-II-1c, F-II-1d, F-II-2a, F-II-2b, F-II-3a, F-II-3b, F-II-3c, F-II-4, F-II-5a, F-II-5b, F-II-5c, F-II-6, F-II-6a, F-II-6b, F-II-7, F-II-8, F-II-9, F-II-10a, F-II-10b, F-II-10c, F-II-10d, F-II-10e, F-II-11, F-III-1a, F-III-1b, F-III-1c, F-III-1d, F-III-1e, F-III-2a"
SC2009071,SYARIKAT MA-IENG,Works,Valid,27/12/2026,yes,27/12/2026,UPK-K/10678,"F-I-1, F-I-2iia, F-I-2ib, F-I-2iib, F-II-5a, F-II-5b, F-II-5c, F-II-6a, F-II-6b, F-III-1a, F-III-1b"
S168/2005/C,SYARIKAT MEW TRANSPORTATIONS,Works,Valid,30/05/2027,yes,30/05/2027,UPK-K/10036,"E-I-1, E-I-3iia, E-I-4a, E-I-4b, E-I-4c, E-III-1a, E-III-1b, E-III-1c, E-III-1d, E-III-1e, E-III-2a, E-III-2b, E-III-2c, E-III-2d, E-III-3a, E-III-3b, E-III-3c, E-III-4a, E-III-4b, E-III-4c, E-IV-1a, E-IV-1b, E-IV-2a, E-IV-4a, E-IV-4b, E-VI-5b, F-II-1a, F-II-1b, F-II-1c, F-II-2a, F-II-2b, F-II-5a, F-II-5b, F-II-5c, F-II-6a, F-II-6b"
SC2015368,SYARIKAT NEW EDEN,Works,Valid,3/12/2026,yes,3/12/2026,UPK-K/10826,"F-II-2a, F-II-2b, F-II-5a, F-II-5b, F-II-5c"
S037/2003/C,SYARIKAT PELBAGAIAN PANGAU,Works,Valid,28/03/2027,yes,28/03/2027,"UPK-K/10617, UPK-B/05069","E-III-1a, E-III-1b, E-III-1c, E-III-1d, E-III-1e, E-III-2a, E-III-2b, E-III-2c, E-III-2d, E-III-3a, E-III-3b, E-III-3c, E-VI-5b, F-I-1, F-I-2ia, F-I-2iia, F-I-2ib, F-I-2iib, F-I-2ic, F-I-2iic, F-I-3ia, F-I-3iia, F-I-3b, F-I-3c, F-I-4a, F-I-4b, F-I-4c, F-I-4d, F-I-5a, F-I-5b, F-I-6, F-I-7, F-I-8, F-II-1a, F-II-1b, F-II-1c, F-II-1d, F-II-2a, F-II-2b, F-II-3a, F-II-3b, F-II-3c, F-II-4, F-II-5a, F-II-5b, F-II-5c, F-II-6, F-II-6a, F-II-6b, F-II-7, F-II-8, F-II-9, F-II-10a, F-II-10b, F-II-10c, F-II-10d, F-II-10e, F-II-11"
S058/2004/C,SYARIKAT PENGANTAR BARU,Works,Expired,23/01/2025,yes,23/01/2025,UPK-K/08078,"F-III-1a, F-III-1b, F-III-1c, F-III-1d, F-III-1e"
SC2008046,SYARIKAT PESAKA BUMIPUTERA SELANGAU,Works,Valid,29/06/2027,yes,29/06/2027,UPK-K/13671,"F-II-5a, F-II-5b, F-II-5c"
SC2007001,SYARIKAT SEBARIK BINA,Works,Valid,5/1/2027,yes,5/1/2027,UPK-K/12403,"E-I-1, E-I-2ia, E-I-2iia, E-I-2ib, E-I-2iib, E-I-3iia, E-II-1a, E-II-1b, E-II-1c, E-II-2a, E-II-2b, E-II-5a, E-II-5b, E-II-5c, E-II-7, E-III-1a, E-III-1b, E-III-1c, E-III-1d, E-III-1e, E-III-2a, E-III-2b, E-III-2c, E-III-2d, E-III-3a, E-III-3b, E-III-3c, E-III-4a, E-III-4b, E-III-4c, E-IV-1a, E-IV-1b, E-IV-2a, E-IV-4a, E-IV-4b, E-VI-5ia, E-VI-5iia, E-VI-5b, E-VI-5c, E-VI-5d"
S068/2004/C,SYARIKAT SEPAKAN,Works,Valid,15/08/2026,yes,15/08/2026,UPK-K/12003,"F-I-1, F-II-1a, F-II-1b, F-II-1c, F-II-2a, F-II-2b, F-II-5a, F-II-5b, F-II-5c, F-II-6a, F-II-6b, F-III-1a, F-III-1b, F-III-1c, F-III-1d, F-III-1e, F-III-2a"
SC2007012,SYARIKAT TAJAU TEPUS ENTERPRISE,Works,Valid,30/04/2026,yes,30/04/2026,"UPK-K/12116, UPK-E/00722","F-I-1, F-II-5a, F-II-5b, F-II-5c, F-II-6a, F-II-6b, F-III-1a, F-III-1b, F-III-2a"
S210/2007/C,TAMIN BINAJAYA,Works,Valid,2/8/2026,yes,2/8/2026,UPK-K/11378,"E-I-1, E-I-2ia, E-I-2iia, E-I-2ib, E-I-2iib, E-II-5a, E-II-5b, E-II-5c, E-III-2a, E-III-2b, E-III-2c, E-III-2d"
REG-C1AF6605D5,THEO EMPIRE ENTERPRISE,Works,Valid,10/1/2027,yes,10/1/2027,,"F-II-5a, F-II-5b, F-II-5c, F-II-6a, F-II-6b, F-II-7, F-III-1a, F-III-1b"
14/2004,ABOL AND SON ENTERPRISE,Works,Expired,29/09/2025,yes,29/09/2025,UPK-K/15804,"E-VI-1, E-VI-2, E-VI-3, E-VI-4, E-VI-5a, E-VI-5ia, E-VI-5iia, E-VI-5b, E-VI-5c, E-VI-5d, E-VI-6"
SB2014018,ALCO & SON ENTERPRISE,Works,Expired,8/3/2024,yes,8/3/2024,UPKJ/W/000414,"F-I-1, F-I-2ia, F-I-2iia, F-I-2ib, F-I-2iib, F-I-2ic, F-I-2iic, F-I-3ia, F-I-3iia, F-I-3b, F-I-3c, F-I-4a, F-I-4b, F-I-4c, F-I-4d, F-I-5a, F-I-5b, F-I-6, F-I-7, F-I-8, F-II-1a, F-II-1b, F-II-1c, F-II-1d, F-II-2a, F-II-2b, F-II-3a, F-II-3b, F-II-3c, F-II-4, F-II-5a, F-II-5b, F-II-5c, F-II-6, F-II-6a, F-II-6b, F-II-7, F-II-8, F-II-9, F-II-10a, F-II-10b, F-II-10c, F-II-10d, F-II-10e, F-II-11"
SB2011017,AMTICA JAYA ENTERPRISE,Works,Valid,13/09/2027,yes,13/09/2027,UPKJ/W/007003,"E-I-1, E-I-2ia, E-I-2iia, E-I-2ib, E-I-2iib, E-I-2ic, E-I-2iic, E-I-3ia, E-I-3iia, E-I-3b, E-I-3c, E-I-4a, E-I-4b, E-I-4c, E-I-4d, E-I-5a, E-I-5b, E-I-6, E-I-7, E-I-8, E-II-1a, E-II-1b, E-II-1c, E-II-1d, E-II-2a, E-II-2b, E-II-3a, E-II-3b, E-II-3c, E-II-4, E-II-5a, E-II-5b, E-II-5c, E-II-6, E-II-6a, E-II-6b, E-II-7, E-II-8, E-II-9, E-II-10a, E-II-10b, E-II-10c, E-II-10d, E-II-10e, E-II-11, E-III-1a, E-III-1b, E-III-1c, E-III-1d, E-III-1e, E-III-2a, E-III-2b, E-III-2c, E-III-2d, E-III-3a, E-III-3b, E-III-3c, E-III-4a, E-III-4b, E-III-4c, E-IV-1a, E-IV-1b, E-IV-2a, E-IV-2b, E-IV-3, E-IV-4a, E-IV-4b"
KWT/SB2019037,ARVESSA ENTERPRISE,Works,Valid,27/03/2027,yes,27/03/2027,UPKJ/W/006978,"E-I-1, E-I-2ia, E-I-2iia, E-I-2ib, E-I-2iib, E-I-2ic, E-I-2iic, E-I-3ia, E-I-3iia, E-I-3b, E-I-3c, E-I-4a, E-I-4b, E-I-4c, E-I-4d, E-I-5a, E-I-5b, E-I-6, E-I-7, E-I-8, E-III-1a, E-III-1b, E-III-1c, E-III-1d, E-III-1e, E-III-2a, E-III-2b, E-III-2c, E-III-2d, E-III-3a, E-III-3b, E-III-3c, E-III-4a, E-III-4b, E-III-4c, E-IV-1a, E-IV-1b, E-IV-2a, E-IV-2b, E-IV-3, E-IV-4a, E-IV-4b, F-II-1a, F-II-1b, F-II-1c, F-II-1d, F-II-2a, F-II-2b, F-II-3a, F-II-3b, F-II-3c, F-II-4, F-II-5a, F-II-5b, F-II-5c, F-II-6, F-II-6a, F-II-6b, F-II-7, F-II-8, F-II-9, F-II-10a, F-II-10b, F-II-10c, F-II-10d, F-II-10e, F-II-11"
38/2002,ASAL BUMI ENTERPRISE,Works,Valid,28/03/2027,yes,28/03/2027,UPK-K/14173,"F-I-1, F-II-1a, F-II-1b, F-II-1c, F-II-2a, F-II-2b, F-II-5a, F-II-5b, F-II-5c, F-II-6a, F-II-6b, F-II-7, F-III-1a, F-III-1b, F-III-1d, F-III-1e, F-III-2a, E-IV-1a, E-IV-1b, E-IV-2a, E-IV-3, E-IV-4a, E-IV-4b"
KWT/7/2004,ASON AND SON ENTERPRISE,Works,Expired,22/02/2026,yes,22/02/2026,UPK-K/15042,"F-III-1a, F-III-1b, F-III-1c, F-III-1d, F-III-1e, F-III-2a"
1096907-W,BESUAJAYA ENTERPRISE SDN BHD,Works,Valid,24/11/2026,yes,24/11/2026,UPK-K/10700,"F-II-5a, F-II-5c, F-II-6a, F-II-6b, E-I-1, E-III-1a, E-III-1b, E-III-1c, E-III-1d, E-III-1e, E-III-2c, E-III-2d, E-III-3b, E-IV-4a, E-IV-4b"
SB2014031,BIPNEC ENTERPRISE,Works,Valid,29/12/2026,yes,29/12/2026,UPKJ/W/002679,"F-I-1, F-I-2ib, F-I-2iib, F-II-1a, F-II-1b, F-II-1c, F-II-2a, F-II-2b, F-II-5a, F-II-5b, F-II-5c, F-III-1a, F-III-1b, F-III-1c, F-III-1d, F-III-1e, F-III-2a"
23/99,BNV ENTERPRISE,Works,Valid,23/04/2026,yes,23/04/2026,UPKJ/W/006921,"E-III-1a, E-III-1b, E-III-1c, E-III-1d, E-III-1e, E-III-2a, E-III-2b, E-III-2c, E-III-2d, E-III-3a, E-III-3b, E-III-3c, E-III-4a, E-III-4b, E-III-4c, F-I-1, F-I-2iic, F-I-3iia, F-II-5a, F-II-5b, F-II-5c, F-II-6a, F-II-6b, F-II-7"
KWT/BNR/011/2022,CAHAYA NAGA ENTERPRISE,Works,Valid,10/3/2027,yes,10/3/2027,UPKJ/W/007217,"F-II-1b, F-II-1c, F-II-2a, F-II-2b, F-II-5a, F-II-5b, F-II-5c, F-II-6a, F-II-6b, F-II-7, F-III-1b"
SB2015031,"D,ORANES JAYA ENTERPRISE",Works,Valid,26/01/2027,yes,26/01/2027,UPKJ/W/006140,"B-II-1a, B-II-1b, B-II-1c, B-II-2a, B-II-2b, B-II-3a, B-II-3b, B-II-3c, B-II-5a, B-II-5b, B-II-5c, B-II-6, B-II-7, E-I-1, E-I-2ia, E-I-2iia, E-I-2ib, E-I-2iib, E-I-3iia, E-III-1a, E-III-1b, E-III-1c, E-III-1d, E-III-1e, E-III-2a, E-III-2b, E-III-2c, E-III-2d, E-III-3a, E-III-3b, E-III-3c, E-IV-1b, E-IV-2a, E-IV-4a, E-IV-4b"
KWT/BNR/010/2021,DIAN'S ENTERPRISE,Works,Valid,28/02/2027,yes,28/02/2027,UPKJ/W/004313,"F-III-1a, F-III-1b, F-III-1c, F-III-1d, F-III-1e, F-III-2a"
KWT/SB2016040,ENCHING BELIAN ENTERPRISE,Works,Expired,7/2/2022,yes,7/2/2022,UPK-K/12859,"F-II-1a, F-II-1b, F-II-1c, F-II-1d, F-II-2a, F-II-2b, F-II-3a, F-II-3b, F-II-3c, F-II-4, F-II-5a, F-II-5b, F-II-5c, F-II-6, F-II-6a, F-II-6b, F-II-7, F-II-8, F-II-9, F-II-10a, F-II-10b, F-II-10c, F-II-10d, F-II-10e, F-II-11"
KWT/SB2016037,FS ENTERPRISE,Works,Expired,21/05/2023,yes,21/05/2023,UPK-K/10050,"F-II-1a, F-II-1b, F-II-1c, F-II-1d, F-II-2a, F-II-2b, F-II-3a, F-II-3b, F-II-3c, F-II-4, F-II-5a, F-II-5b, F-II-5c, F-II-6, F-II-6a, F-II-6b, F-II-7, F-II-8, F-II-9, F-II-10a, F-II-10b, F-II-10c, F-II-10d, F-II-10e, F-II-11"
KWT/SB2019013,J.R ENTERPRISE,Works,Expired,29/02/2024,yes,29/02/2024,UPKJ/W/000294,"F-II-1a, F-II-1b, F-II-1c, F-II-1d, F-II-2a, F-II-2b, F-II-3a, F-II-3b, F-II-3c, F-II-4, F-II-5a, F-II-5b, F-II-5c, F-II-6, F-II-6a, F-II-6b, F-II-7, F-II-8, F-II-9, F-II-10a, F-II-10b, F-II-10c, F-II-10d, F-II-10e, F-II-11"
KWT/SB201712,JAFENA ENTERPRISE,Works,Expired,14/09/2025,yes,14/09/2025,UPKJ/W/006991,"F-I-1, F-I-2ia, F-I-2iia, F-I-2ib, F-I-2iib, F-I-2ic, F-I-2iic, F-I-3ia, F-I-3iia, F-I-3b, F-I-3c, F-I-4a, F-I-4b, F-I-4c, F-I-4d, F-I-5a, F-I-5b, F-I-6, F-I-7, F-I-8, F-II-1a, F-II-1b, F-II-1c, F-II-1d, F-II-2a, F-II-2b, F-II-3a, F-II-3b, F-II-3c, F-II-4, F-II-5a, F-II-5b, F-II-5c, F-II-6, F-II-6a, F-II-6b, F-II-7, F-II-8, F-II-9, F-II-10a, F-II-10b, F-II-10c, F-II-10d, F-II-10e, F-II-11, F-III-1a, F-III-1b, F-III-1c, F-III-1d, F-III-1e, F-III-2a"
SB2014015,JR CONSTRUCTION ENTERPRISE,Works,Expired,12/7/2022,yes,12/7/2022,UPK-K/08868,"F-II-1a, F-II-1b, F-II-1c, F-II-1d, F-II-2a, F-II-2b, F-II-3a, F-II-3b, F-II-3c, F-II-4, F-II-5a, F-II-5b, F-II-5c, F-II-6, F-II-6a, F-II-6b, F-II-7, F-II-8, F-II-9, F-II-10a, F-II-10b, F-II-10c, F-II-10d, F-II-10e, F-II-11"
SB2011009,KABAH CAHAYA ENTERPRISE,Works,Valid,3/11/2027,yes,3/11/2027,UPK-K/10667,"F-I-1, F-I-2ia, F-I-2iia, F-I-2ib, F-I-2iib, F-I-2ic, F-I-2iic, F-I-3ia, F-I-3iia, F-I-3b, F-I-3c, F-I-4a, F-I-4b, F-I-4c, F-I-4d, F-I-5a, F-I-5b, F-I-6, F-I-7, F-I-8, F-II-1a, F-II-1b, F-II-1c, F-II-1d, F-II-2a, F-II-2b, F-II-3a, F-II-3b, F-II-3c, F-II-4, F-II-5a, F-II-5b, F-II-5c, F-II-6, F-II-6a, F-II-6b, F-II-7, F-II-8, F-II-9, F-II-10a, F-II-10b, F-II-10c, F-II-10d, F-II-10e, F-II-11, F-III-1a, F-III-1b, F-III-1c, F-III-1d, F-III-1e, F-III-2a"
SB2014039,KABAN KITAI ENTERPRISE,Works,Valid,1/6/2028,yes,1/6/2028,UPK-K/09709,"F-II-1a, F-II-1b, F-II-1c, F-II-1d, F-II-2a, F-II-2b, F-II-3a, F-II-3b, F-II-3c, F-II-4, F-II-5a, F-II-5b, F-II-5c, F-II-6, F-II-6a, F-II-6b, F-II-7, F-II-8, F-II-9, F-II-10a, F-II-10b, F-II-10c, F-II-10d, F-II-10e, F-II-11"
SB2015039,KABISCOV GENERAL CONTRACTOR & SUPPLIES,Works,Expired,4/5/2022,yes,4/5/2022,UPK-K/09646,"E-I-1, E-I-2ia, E-I-2iia, E-I-2ib, E-I-2iib, E-I-2ic, E-I-2iic, E-I-3ia, E-I-3iia, E-I-3b, E-I-3c, E-I-4a, E-I-4b, E-I-4c, E-I-4d, E-I-5a, E-I-5b, E-I-6, E-I-7, E-I-8, E-II-1a, E-II-1b, E-II-1c, E-II-1d, E-II-2a, E-II-2b, E-II-3a, E-II-3b, E-II-3c, E-II-4, E-II-5a, E-II-5b, E-II-5c, E-II-6, E-II-6a, E-II-6b, E-II-7, E-II-8, E-II-9, E-II-10a, E-II-10b, E-II-10c, E-II-10d, E-II-10e, E-II-11, E-III-1a, E-III-1b, E-III-1c, E-III-1d, E-III-1e, E-III-2a, E-III-2b, E-III-2c, E-III-2d, E-III-3a, E-III-3b, E-III-3c, E-III-4a, E-III-4b, E-III-4c, E-IV-1a, E-IV-1b, E-IV-2a, E-IV-2b, E-IV-3, E-IV-4a, E-IV-4b"
KWT/SB2017011,LAUT EMAS ENTERPRISE,Works,Valid,8/5/2027,yes,8/5/2027,UPKJ/W/005833,"F-I-1, F-I-2ia, F-I-2iia, F-I-2ib, F-I-2iib, F-I-2iic, F-I-3ia, F-I-3iia, F-II-1a, F-II-1b, F-II-1c, F-II-2a, F-II-2b, F-II-5a, F-II-5b, F-II-5c, F-II-6a, F-II-6b, F-II-7, F-III-1a, F-III-1b, F-III-1c, F-III-1d, F-III-1e, F-III-2a"
SB2013004,LIAN ENTERPRISE,Works,Valid,10/6/2026,yes,10/6/2026,"UPK-K/12548, UPK-B/05692","E-I-1, E-I-2iic"
30/2002,LIKI ENTERPRISE,Works,Expired,13/02/2026,yes,13/02/2026,UPK-K/12170,"F-I-1, F-I-2ia, F-I-2iia, F-I-2ib, F-I-2iib, F-I-2ic, F-I-2iic, F-I-3ia, F-I-3iia, F-I-3b, F-I-3c, F-I-4a, F-I-4b, F-I-4c, F-I-4d, F-I-5a, F-I-5b, F-I-6, F-I-7, F-I-8, F-II-1a, F-II-1b, F-II-1c, F-II-1d, F-II-2a, F-II-2b, F-II-3a, F-II-3b, F-II-3c, F-II-4, F-II-5a, F-II-5b, F-II-5c, F-II-6, F-II-6a, F-II-6b, F-II-7, F-II-8, F-II-9, F-II-10a, F-II-10b, F-II-10c, F-II-10d, F-II-10e, F-II-11, F-III-1a, F-III-1b, F-III-1c, F-III-1d, F-III-1e, F-III-2a"
SB2013028,LUBOK BALING ENTERPRISE,Works,Valid,1/2/2027,yes,1/2/2027,UPKJ/W/000095,"F-I-1, F-I-2ia, F-I-2iia, F-I-2ib, F-I-2iib, F-I-2ic, F-I-2iic, F-I-3ia, F-I-3iia, F-I-3b, F-I-3c, F-I-4a, F-I-4b, F-I-4c, F-I-4d, F-I-5a, F-I-5b, F-I-6, F-I-7, F-I-8, F-II-1a, F-II-1b, F-II-1c, F-II-1d, F-II-2a, F-II-2b, F-II-3a, F-II-3b, F-II-3c, F-II-4, F-II-5a, F-II-5b, F-II-5c, F-II-6, F-II-6a, F-II-6b, F-II-7, F-II-8, F-II-9, F-II-10a, F-II-10b, F-II-10c, F-II-10d, F-II-10e, F-II-11, F-III-1a, F-III-1b, F-III-1c, F-III-1d, F-III-1e, F-III-2a"
KWT/14/2001 ( sijil SPKK : 0120070711-SR114285,MOHAMAD BROTHERS CONSTRUCTION,Works,Valid,1/5/2028,yes,1/5/2028,UPK-K/13564,"F-I-1, F-I-2ia, F-I-2iia, F-I-2ib, F-I-2iib, F-I-2ic, F-I-2iic, F-I-3ia, F-I-3iia, F-I-3b, F-I-3c, F-I-4a, F-I-4b, F-I-4c, F-I-4d, F-I-5a, F-I-5b, F-I-6, F-I-7, F-I-8, F-II-1a, F-II-1b, F-II-1c, F-II-1d, F-II-2a, F-II-2b, F-II-3a, F-II-3b, F-II-3c, F-II-4, F-II-5a, F-II-5b, F-II-5c, F-II-6, F-II-6a, F-II-6b, F-II-7, F-II-8, F-II-9, F-II-10a, F-II-10b, F-II-10c, F-II-10d, F-II-10e, F-II-11, E-III-1a, E-III-1b, E-III-1c, E-III-1d, E-III-1e, E-III-2a, E-III-2b, E-III-2c, E-III-2d, E-III-3a, E-III-3b, E-III-3c, E-III-4a, E-III-4b, E-III-4c"
REG-5EA7C83199,MW RESOURCES,Works,Valid,28/11/2026,yes,28/11/2026,UPKJ/W/003045,"F-II-1a, F-II-1b, F-II-1c, F-II-1d, F-II-2a, F-II-2b, F-II-3a, F-II-3b, F-II-3c, F-II-4, F-II-5a, F-II-5b, F-II-5c, F-II-6, F-II-6a, F-II-6b, F-II-7, F-II-8, F-II-9, F-II-10a, F-II-10b, F-II-10c, F-II-10d, F-II-10e, F-II-11, F-III-1a, F-III-1b, F-III-1c, F-III-1d, F-III-1e, F-III-2a"
20/2000,NG. MACHAN TRANSPORT COMPANY,Works,Valid,,yes,,UPKJ/W/006639,"F-II-1a, F-II-1b, F-II-1c, F-II-1d, F-II-2a, F-II-2b, F-II-3a, F-II-3b, F-II-3c, F-II-4, F-II-5a, F-II-5b, F-II-5c, F-II-6, F-II-6a, F-II-6b, F-II-7, F-II-8, F-II-9, F-II-10a, F-II-10b, F-II-10c, F-II-10d, F-II-10e, F-II-11, E-III-1a, E-III-1b, E-III-1c, E-III-1d, E-III-1e, E-III-2a, E-III-2b, E-III-2c, E-III-2d, E-III-3a, E-III-3b, E-III-3c, E-III-4a, E-III-4b, E-III-4c"
REG-F7EB218CDE,RAINLEN ENTERPRISE,Works,Valid,17/01/2027,yes,17/01/2027,UPKJ/W/003776,"F-I-1, F-II-1a, F-II-1b, F-II-2a, F-II-5a, F-II-5b, F-II-5c, F-II-6a, F-II-6b, F-II-7, F-III-1a, F-III-1b, F-III-1c, F-III-1d, F-III-1e, F-III-2a"
49/1999,REJANG ENTERPRISE,Works,Valid,23/12/2026,yes,23/12/2026,UPKJ/W/000452 & UPK-B/06784,"B-I-1, B-I-2ia, B-I-2iia, B-I-2ib, B-I-2iib, B-I-3iia, B-II-1a, B-II-1b, B-II-1c, B-II-2a, B-II-2b, B-II-5a, B-II-5b, B-II-5c, B-II-6a, B-II-6b, B-II-7, E-III-1a, E-III-1b, E-III-1c, E-III-1d, E-III-1e, E-III-2a, E-III-2b, E-III-2c, E-III-2d, E-III-3a, E-III-3b, E-III-3c, E-III-4c, E-IV-1a, E-IV-1b, E-IV-2a, E-IV-4a, E-IV-4b"
11/1/1991,REPONG & SONS ENTERPRISE,Works,Valid,15/10/2026,yes,15/10/2026,UPK-K/15122 & UPK-B/03078,"F-II-1a, F-II-1b, F-II-1c, F-II-1d, F-II-2a, F-II-2b, F-II-3a, F-II-3b, F-II-3c, F-II-4, F-II-5a, F-II-5b, F-II-5c, F-II-6, F-II-6a, F-II-6b, F-II-7, F-II-8, F-II-9, F-II-10a, F-II-10b, F-II-10c, F-II-10d, F-II-10e, F-II-11, E-I-1, E-I-2ia, E-I-2iia, E-I-2ib, E-I-2iib, E-I-2ic, E-I-2iic, E-I-3ia, E-I-3iia, E-I-3b, E-I-3c, E-I-4a, E-I-4b, E-I-4c, E-I-4d, E-I-5a, E-I-5b, E-I-6, E-I-7, E-I-8, E-III-1a, E-III-1b, E-III-1c, E-III-1d, E-III-1e, E-III-2a, E-III-2b, E-III-2c, E-III-2d, E-III-3a, E-III-3b, E-III-3c, E-III-4a, E-III-4b, E-III-4c, E-IV-1a, E-IV-1b, E-IV-2a, E-IV-2b, E-IV-3, E-IV-4a, E-IV-4b"
SB2012021,ROAOLROSO ENTERPRISE,Works,Valid,26/03/2028,yes,26/03/2028,UPK-K/09912,"F-II-1a, F-II-1b, F-II-1c, F-II-1d, F-II-2a, F-II-2b, F-II-3a, F-II-3b, F-II-3c, F-II-4, F-II-5a, F-II-5b, F-II-5c, F-II-6, F-II-6a, F-II-6b, F-II-7, F-II-8, F-II-9, F-II-10a, F-II-10b, F-II-10c, F-II-10d, F-II-10e, F-II-11"
32/83,SARIBU & SONS ENTERPRISE,Works,Expired,22/10/2024,yes,22/10/2024,UPKJ/W/002416,"F-II-1a, F-II-1b, F-II-1c, F-II-1d, F-II-2a, F-II-2b, F-II-3a, F-II-3b, F-II-3c, F-II-4, F-II-5a, F-II-5b, F-II-5c, F-II-6, F-II-6a, F-II-6b, F-II-7, F-II-8, F-II-9, F-II-10a, F-II-10b, F-II-10c, F-II-10d, F-II-10e, F-II-11"
KWT/26/2000,SEMBAWANG ENTERPRISE,Works,Valid,23/05/2027,yes,23/05/2027,UPKJ/W/005437,"F-I-1, F-I-2ia, F-I-2iia, F-I-2ib, F-I-2iib, F-I-2ic, F-I-2iic, F-I-3ia, F-I-3iia, F-I-3b, F-I-3c, F-I-4a, F-I-4b, F-I-4c, F-I-4d, F-I-5a, F-I-5b, F-I-6, F-I-7, F-I-8, F-II-1a, F-II-1b, F-II-1c, F-II-1d, F-II-2a, F-II-2b, F-II-3a, F-II-3b, F-II-3c, F-II-4, F-II-5a, F-II-5b, F-II-5c, F-II-6, F-II-6a, F-II-6b, F-II-7, F-II-8, F-II-9, F-II-10a, F-II-10b, F-II-10c, F-II-10d, F-II-10e, F-II-11, F-III-1a, F-III-1b, F-III-1c, F-III-1d, F-III-1e, F-III-2a"
SB2010004,SERI MAJU ENTERPRISE,Works,Valid,23/12/2026,yes,23/12/2026,UPK-K/14572,"F-I-1, F-I-2ia, F-I-2iia, F-I-2ib, F-I-2iib, F-I-2ic, F-I-2iic, F-I-3ia, F-I-3iia, F-I-3b, F-I-3c, F-I-4a, F-I-4b, F-I-4c, F-I-4d, F-I-5a, F-I-5b, F-I-6, F-I-7, F-I-8, F-II-1a, F-II-1b, F-II-1c, F-II-1d, F-II-2a, F-II-2b, F-II-3a, F-II-3b, F-II-3c, F-II-4, F-II-5a, F-II-5b, F-II-5c, F-II-6, F-II-6a, F-II-6b, F-II-7, F-II-8, F-II-9, F-II-10a, F-II-10b, F-II-10c, F-II-10d, F-II-10e, F-II-11, F-III-1a, F-III-1b, F-III-1c, F-III-1d, F-III-1e, F-III-2a"
53/2000,SETIA ANGKUT ENTERPRISE,Works,Valid,29/12/2026,yes,29/12/2026,UPKJ/W/001833,"F-I-1, F-I-2ia, F-I-2iia, F-I-2ib, F-I-2iib, F-I-2iic, F-I-3ia, F-I-3iia, F-II-1a, F-II-1b, F-II-1c, F-II-2a, F-II-2b, F-II-5a, F-II-5b, F-II-5c, F-II-6a, F-II-6b, F-III-1a, F-III-1b, F-III-1c, F-III-1d, F-III-1e, F-III-2a"
SB2007015,SITI NORAIN'S ENTERPRISE,Works,Valid,12/6/2027,yes,12/6/2027,UPK-K/15306,"F-I-1, F-I-2ia, F-I-2iia, F-I-2ib, F-I-2iib, F-I-2ic, F-I-2iic, F-I-3ia, F-I-3iia, F-I-3b, F-I-3c, F-I-4a, F-I-4b, F-I-4c, F-I-4d, F-I-5a, F-I-5b, F-I-6, F-I-7, F-I-8, F-III-1a, F-III-1b, F-III-1c, F-III-1d, F-III-1e, F-III-2a"
SB2016009,SSP JAYA ENTERPRISE,Works,Valid,28/10/2027,yes,28/10/2027,UPKJ/W/005732,"E-I-1, E-I-4a, E-I-4b, E-I-4c, E-II-1b, E-II-1c, E-II-5a, E-II-5b, E-II-5c, E-III-1a, E-III-1b, E-III-1d, E-III-2a, E-III-2b, E-III-2c, E-III-2d, E-III-3a, E-III-3b, E-III-3c, E-III-4a, E-III-4b, E-III-4c, E-IV-1b, E-IV-2a, E-IV-4a, E-IV-4b"
Jan-01,SYARIKAT ANAK ANGKAT BERSATU,Works,Valid,28/08/2026,yes,28/08/2026,UPK-K/09473,"F-II-6b, F-III-1b"
21/2005,SYARIKAT BANGUN MAJU ENTERPRISE,Works,Expired,7/4/2021,yes,7/4/2021,UPK-K/11456,"F-I-1, F-I-2ia, F-I-2iia, F-I-2ib, F-I-2iib, F-I-2ic, F-I-2iic, F-I-3ia, F-I-3iia, F-I-3b, F-I-3c, F-I-4a, F-I-4b, F-I-4c, F-I-4d, F-I-5a, F-I-5b, F-I-6, F-I-7, F-I-8, F-II-1a, F-II-1b, F-II-1c, F-II-1d, F-II-2a, F-II-2b, F-II-3a, F-II-3b, F-II-3c, F-II-4, F-II-5a, F-II-5b, F-II-5c, F-II-6, F-II-6a, F-II-6b, F-II-7, F-II-8, F-II-9, F-II-10a, F-II-10b, F-II-10c, F-II-10d, F-II-10e, F-II-11, F-III-1a, F-III-1b, F-III-1c, F-III-1d, F-III-1e, F-III-2a"
KWT/SB2018034,SYARIKAT BUMIPUTRA SG. MAONG MACHAN,Works,Valid,14/06/2027,yes,14/06/2027,UPKJ/W/004026,"E-II-1a, E-II-1b, E-II-1c, E-II-5a, E-II-5b, E-II-5c, F-I-1, F-I-2iic, F-I-3ia, F-I-3iia, F-III-1a, F-III-1b, F-III-1c, F-III-1d, F-III-1e, F-III-2a"
KWT/SB2020011,SYARIKAT ELMI & SONS,Works,Valid,27/08/2027,yes,27/08/2027,UPKJ/W/006793,"F-I-1, F-II-5a, F-II-5b, F-II-5c, F-II-6a, F-II-6b, F-II-7"
17/2006,SYARIKAT JAYA BAKTI,Works,Valid,18/09/2026,yes,18/09/2026,UPK-K/15130 & UPK-B/05092,"E-I-1, E-I-2ia, E-I-2iia, E-I-2ib, E-I-2iib, E-I-2ic, E-I-2iic, E-I-3ia, E-I-3iia, E-I-3b, E-I-3c, E-I-4a, E-I-4b, E-I-4c, E-I-4d, E-I-5a, E-I-5b, E-I-6, E-I-7, E-I-8, E-II-1a, E-II-1b, E-II-1c, E-II-1d, E-II-2a, E-II-2b, E-II-3a, E-II-3b, E-II-3c, E-II-4, E-II-5a, E-II-5b, E-II-5c, E-II-6, E-II-6a, E-II-6b, E-II-7, E-II-8, E-II-9, E-II-10a, E-II-10b, E-II-10c, E-II-10d, E-II-10e, E-II-11, E-III-1a, E-III-1b, E-III-1c, E-III-1d, E-III-1e, E-III-2a, E-III-2b, E-III-2c, E-III-2d, E-III-3a, E-III-3b, E-III-3c, E-III-4a, E-III-4b, E-III-4c, E-IV-1a, E-IV-1b, E-IV-2a, E-IV-2b, E-IV-3, E-IV-4a, E-IV-4b, E-VI-1, E-VI-2, E-VI-3, E-VI-4, E-VI-5a, E-VI-5ia, E-VI-5iia, E-VI-5b, E-VI-5c, E-VI-5d, E-VI-6"
Jan-96,SYARIKAT JIMMY & BROTHER,Works,Valid,29/12/2026,yes,29/12/2026,UPKJ/W/001944,"F-III-1a, F-III-1b, F-III-1c, F-III-1d, F-III-1e, F-III-2a, E-II-1a, E-II-1b, E-II-1c, E-II-1d, E-II-2a, E-II-2b, E-II-3a, E-II-3b, E-II-3c, E-II-4, E-II-5a, E-II-5b, E-II-5c, E-II-6, E-II-6a, E-II-6b, E-II-7, E-II-8, E-II-9, E-II-10a, E-II-10b, E-II-10c, E-II-10d, E-II-10e, E-II-11"
29/2000,"SYARIKAT KADANDIE, KANOWIT",Works,Expired,21/08/2025,yes,21/08/2025,UPKJ/W/006660,"E-I-1, E-I-2ia, E-I-2iia, E-I-2ib, E-I-2iib, E-I-2ic, E-I-2iic, E-I-3ia, E-I-3iia, E-I-3b, E-I-3c, E-I-4a, E-I-4b, E-I-4c, E-I-4d, E-I-5a, E-I-5b, E-I-6, E-I-7, E-I-8, E-II-1a, E-II-1b, E-II-1c, E-II-1d, E-II-2a, E-II-2b, E-II-3a, E-II-3b, E-II-3c, E-II-4, E-II-5a, E-II-5b, E-II-5c, E-II-6, E-II-6a, E-II-6b, E-II-7, E-II-8, E-II-9, E-II-10a, E-II-10b, E-II-10c, E-II-10d, E-II-10e, E-II-11, E-III-1a, E-III-1b, E-III-1c, E-III-1d, E-III-1e, E-III-2a, E-III-2b, E-III-2c, E-III-2d, E-III-3a, E-III-3b, E-III-3c, E-III-4a, E-III-4b, E-III-4c, E-IV-1a, E-IV-1b, E-IV-2a, E-IV-2b, E-IV-3, E-IV-4a, E-IV-4b, E-VI-1, E-VI-2, E-VI-3, E-VI-4, E-VI-5a, E-VI-5ia, E-VI-5iia, E-VI-5b, E-VI-5c, E-VI-5d, E-VI-6"
Nov-88,SYARIKAT LUBUK RINGAU ENTERPRISE,Works,Valid,17/09/2026,yes,17/09/2026,UPK-K/09904,"F-II-6a, F-II-6b, F-III-1a, F-III-1b, F-III-1d"
69/86,SYARIKAT MOHD. TAUFIK,Works,Expired,4/3/2021,yes,4/3/2021,UPK-K/11846,"E-I-1, E-I-2ia, E-I-2iia, E-I-2ib, E-I-2iib, E-I-2ic, E-I-2iic, E-I-3ia, E-I-3iia, E-I-3b, E-I-3c, E-I-4a, E-I-4b, E-I-4c, E-I-4d, E-I-5a, E-I-5b, E-I-6, E-I-7, E-I-8, E-II-1a, E-II-1b, E-II-1c, E-II-1d, E-II-2a, E-II-2b, E-II-3a, E-II-3b, E-II-3c, E-II-4, E-II-5a, E-II-5b, E-II-5c, E-II-6, E-II-6a, E-II-6b, E-II-7, E-II-8, E-II-9, E-II-10a, E-II-10b, E-II-10c, E-II-10d, E-II-10e, E-II-11, E-III-1a, E-III-1b, E-III-1c, E-III-1d, E-III-1e, E-III-2a, E-III-2b, E-III-2c, E-III-2d, E-III-3a, E-III-3b, E-III-3c, E-III-4a, E-III-4b, E-III-4c, E-IV-1a, E-IV-1b, E-IV-2a, E-IV-2b, E-IV-3, E-IV-4a, E-IV-4b"
SB2011020,SYARIKAT NGEMAH BERSATU,Works,Expired,9/1/2021,yes,9/1/2021,UPK-K/05999,"F-II-1a, F-II-1b, F-II-1c, F-II-1d, F-II-2a, F-II-2b, F-II-3a, F-II-3b, F-II-3c, F-II-4, F-II-5a, F-II-5b, F-II-5c, F-II-6, F-II-6a, F-II-6b, F-II-7, F-II-8, F-II-9, F-II-10a, F-II-10b, F-II-10c, F-II-10d, F-II-10e, F-II-11, F-III-1a, F-III-1b, F-III-1c, F-III-1d, F-III-1e, F-III-2a"
SB2011016,SYARIKAT PAULUS & FAMILY TRADING AND CONSTRUCTION,Works,Valid,8/9/2026,yes,8/9/2026,UPKJ/W/004055 & UPKJ/S/001632,"E-I-1, E-I-2ia, E-I-2iia, E-I-2ib, E-I-2iib, E-I-2ic, E-I-2iic, E-I-3ia, E-I-3iia, E-I-3b, E-I-3c, E-I-4a, E-I-4b, E-I-4c, E-I-4d, E-I-5a, E-I-5b, E-I-6, E-I-7, E-I-8, E-II-1a, E-II-1b, E-II-1c, E-II-1d, E-II-2a, E-II-2b, E-II-3a, E-II-3b, E-II-3c, E-II-4, E-II-5a, E-II-5b, E-II-5c, E-II-6, E-II-6a, E-II-6b, E-II-7, E-II-8, E-II-9, E-II-10a, E-II-10b, E-II-10c, E-II-10d, E-II-10e, E-II-11, E-III-1a, E-III-1b, E-III-1c, E-III-1d, E-III-1e, E-III-2a, E-III-2b, E-III-2c, E-III-2d, E-III-3a, E-III-3b, E-III-3c, E-III-4a, E-III-4b, E-III-4c, E-IV-1a, E-IV-1b, E-IV-2a, E-IV-2b, E-IV-3, E-IV-4a, E-IV-4b, E-VI-1, E-VI-2, E-VI-3, E-VI-4, E-VI-5a, E-VI-5ia, E-VI-5iia, E-VI-5b, E-VI-5c, E-VI-5d, E-VI-6"
SB2013005,SYARIKAT PERMATA INTAN,Works,Valid,18/06/2027,yes,18/06/2027,UPK-K/07674,"F-I-1, F-I-2ia, F-I-2iia, F-I-2iic, F-I-3ia, F-I-3iia, F-II-5a, F-II-5b, F-II-5c, F-III-1a, F-III-1b, F-III-1c, F-III-1d, F-III-1e, F-III-2a"
46/98,SYARIKAT SEKAWAN,Works,Expired,19/06/2019,yes,19/06/2019,46/98,"F-II-1a, F-II-1b, F-II-1c, F-II-1d, F-II-2a, F-II-2b, F-II-3a, F-II-3b, F-II-3c, F-II-4, F-II-5a, F-II-5b, F-II-5c, F-II-6, F-II-6a, F-II-6b, F-II-7, F-II-8, F-II-9, F-II-10a, F-II-10b, F-II-10c, F-II-10d, F-II-10e, F-II-11"
39/85,SYARIKAT SEKEDAI BERSATU,Works,Valid,9/7/2027,yes,9/7/2027,UPKJ/W/006206,"E-I-1, E-I-2ia, E-I-2iia, E-I-2ib, E-I-2iib, E-I-3iia, E-II-1a, E-II-1b, E-II-2a, E-II-2b, E-II-5a, E-II-7, E-III-1a, E-III-1b, E-III-1d, E-III-2d, E-III-3a, E-III-3c, E-IV-1a, E-IV-1b, E-VI-5b"
SB2014022,SYARIKAT TERATAI TEGUH,Works,Valid,30/07/2027,no,30/07/2027,"UPK-K/13126, UPK-B/05880","F-II-1a, F-II-1b, F-II-1c, F-II-2a, F-II-2b, F-II-5a, F-II-5b, F-II-5c, F-II-6b, F-II-1a, F-II-1a, F-II-5b"
23/97,SYARIKAT TUAHJAYA,Works,Valid,15/08/2026,yes,15/08/2026,UPK-K/07021,"E-II-1a, E-II-1b, E-II-1c, E-II-2a, E-II-2b, E-II-5a, E-II-5b, E-II-5c, E-III-1a, E-III-1b, E-III-1c, E-III-1d, E-III-1e, E-III-2a, E-III-2b, E-III-2c, E-III-2d, E-III-3a, E-III-4a, E-III-4b, E-III-4c, F-I-1, F-I-2ia, F-I-2iia, F-I-2ib, F-I-2iib, F-I-2iic"
KWT/SB2018030,SYARIKAT ULAK MULAI ENTERPRISE,Works,Valid,4/9/2027,yes,4/9/2027,UPK-K/13124,"F-I-1, F-I-2ia, F-I-2iia, F-I-2ib, F-I-2iib, F-I-2ic, F-I-2iic, F-I-3ia, F-I-3iia, F-I-3b, F-I-3c, F-I-4a, F-I-4b, F-I-4c, F-I-4d, F-I-5a, F-I-5b, F-I-6, F-I-7, F-I-8, F-II-1a, F-II-1b, F-II-1c, F-II-1d, F-II-2a, F-II-2b, F-II-3a, F-II-3b, F-II-3c, F-II-4, F-II-5a, F-II-5b, F-II-5c, F-II-6, F-II-6a, F-II-6b, F-II-7, F-II-8, F-II-9, F-II-10a, F-II-10b, F-II-10c, F-II-10d, F-II-10e, F-II-11"
KWT/SB2017017,TEGUH GUARD,Works,Expired,23/02/2025,yes,23/02/2025,UPK-K/13119,"E-I-1, E-II-1a, E-II-1b, E-II-5a, E-II-5b, E-II-6a, E-II-6b, E-III-1a, E-III-1b, E-III-1c, E-III-1d, E-III-1e, E-III-2a, E-III-2b, E-III-2c, E-III-2d, E-III-3a, E-III-3b, E-III-3c, E-III-4a, E-III-4b, E-III-4c, E-VI-5b"
SB2007008,TONIJAN ENTERPRISE,Works,Valid,1/3/2027,yes,1/3/2027,UPK-K/10980,"F-I-1, F-I-2ib, F-I-2iib, F-II-1a, F-II-1b, F-II-2a, F-II-2b, F-II-5a, F-II-5b, F-II-5c, F-II-6a, F-II-6b, E-III-1b, E-III-1d, E-III-2a, E-III-2b, E-III-2c, E-III-2d, E-III-3a, E-III-3b, E-III-3c, E-III-4c, E-IV-2a, E-IV-4a, E-IV-4b"
REG-811ADB8D60,NYATOK SUCCESS,Works,Valid,14/05/2026,yes,14/05/2026,,"F-I-1, F-I-2ia, F-I-2iia, F-I-2ib, F-I-2iib, F-I-2iic, F-II-1a, F-II-1b, F-II-1c, F-II-6a, F-II-6b, F-II-7, F-III-1a, F-III-1b, F-III-1c, F-III-1d, F-III-1e, F-III-2a"
REG-1378FDF082,NGEMAH MANSANG ENTERPRISE,Works,Valid,5/6/2026,yes,5/6/2026,,"F-I-1, F-II-1a, F-II-1b, F-II-1c, F-II-2a, F-II-2b, F-II-5a, F-II-5b, F-II-5c, F-II-6a, F-II-6b, F-II-7, F-III-1a, F-III-1b, F-III-1c, F-III-1d, F-III-1e, F-III-2a"
REG-F33748416F,RJ WORLD SACRIFICE ENTERPRISE,Works,Valid,25/05/2026,yes,25/05/2026,,"F-II-5a, F-II-5b, F-II-5c"
REG-ADC3B6547E,AGATHA ARANETA ENTERPRISE,Works,Valid,25/05/2026,yes,25/05/2026,,"F-I-1, F-II-1a, F-II-1b, F-II-1c, F-II-2a, F-II-2b, F-II-5a, F-II-5b, F-II-5c, F-II-6a, F-II-6b, F-II-7, F-III-1a, F-III-1b, F-III-1c, F-III-1d, F-III-1e, F-III-2a"
KWT/SB2016035,ARMADA JUTAKU ENTERPRISE,Works,Valid,7/6/2026,yes,7/6/2026,,"F-I-1, F-II-1a, F-II-1b, F-II-1c, F-II-2a, F-II-2b, F-II-5a, F-II-5b, F-II-5c, F-II-6a, F-II-6b, F-II-7"
REG-2A6049AE91,"SETERAS MAJU 
ENTERPRISE",Works,Valid,7/5/2026,yes,7/5/2026,,"F-I-1, F-II-1a, F-II-1b, F-II-1c, F-II-2a, F-II-2b, F-II-5a, F-II-5b, F-II-5c, F-II-6a, F-II-6b, F-II-7, F-III-1a, F-III-1b, F-III-1c, F-III-1d, F-III-1e, F-III-2a"
REG-6727C86D6C,ETMA ENTERPRISE,Works,Valid,8/8/2026,yes,8/8/2026,,"F-I-1, F-II-2b, F-II-5b, F-II-5c"
REG-6CEEA91004,RICKY E. ENTERPRISE,Works,Valid,29/08/2026,yes,29/08/2026,,"F-III-1a, F-III-1b, F-III-1c, F-III-1d, F-III-1e, F-III-2a"
REG-C7EBFEF537,JJMAS ENTERPRISE,Works,Valid,23/07/2026,yes,23/07/2026,,"E-II-1a, E-II-1b, E-II-1c, E-II-1d, E-II-2a, E-II-2b, E-II-3a, E-II-3b, E-II-3c, E-II-4, E-II-5a, E-II-5b, E-II-5c, E-II-6, E-II-6a, E-II-6b, E-II-7, E-II-8, E-II-9, E-II-10a, E-II-10b, E-II-10c, E-II-10d, E-II-10e, E-II-11, F-I-1, F-I-2ia, F-I-2iia, F-I-2ib, F-I-2iib, F-I-2ic, F-I-2iic, F-I-3ia, F-I-3iia, F-I-3b, F-I-3c, F-I-4a, F-I-4b, F-I-4c, F-I-4d, F-I-5a, F-I-5b, F-I-6, F-I-7, F-I-8, F-III-1a, F-III-1b, F-III-1c, F-III-1d, F-III-1e, F-III-2a"
REG-59F7D7423E,SARATIARA SDN. BHD.,Works,Expired,8/11/2025,yes,8/11/2025,,"D-I-1, D-II-5a, D-III-1a, D-III-1b, D-III-1d, D-III-1e, D-III-2a, D-III-2d, D-III-4c, D-III-1a, D-III-2a, D-III-2b"
REG-9B8E439C18,TAPANG TEGUH SDN. BHD.,Works,Valid,16/08/2026,yes,16/08/2026,,"A-I-1, A-III-1a, A-III-1b, A-III-1c, A-III-1d, A-III-1e, A-III-2a, A-III-2b, A-III-2c, A-III-2d, A-III-3a, A-III-3b, A-III-3c, A-III-4a, A-III-4b, A-III-4c"
REG-C52CED04BB,ERLYNE ENTERPRISE,Works,Valid,14/12/2026,yes,14/12/2026,,"F-I-1, F-I-2iia, F-I-2iib, F-II-1a, F-II-1b, F-II-1c, F-II-6a, F-II-6b, F-II-7, F-III-1a, F-III-1b, F-III-1c, F-III-1d, F-III-2a"
REG-D06CA8F58D,SYARIKAT SAMAJU,Works,Valid,29/01/2028,yes,29/01/2028,,"E-I-1, E-I-2iia, E-I-2iib, E-I-2iic, E-I-3iia, E-II-1a, E-II-1b, E-II-1c, E-II-1d, E-II-2a, E-II-2b, E-II-5a, E-II-5b, E-II-5c, E-II-6, E-II-6a, E-II-6b, E-II-7, E-II-11, E-III-1a, E-III-1b, E-III-1c, E-III-1d, E-III-1e, E-III-2a, E-III-2b, E-III-2c, E-III-2d, E-III-3a, E-III-3b, E-III-3c, E-III-4a, E-III-4b, E-III-4c, E-IV-1a, E-IV-1b, E-IV-2a, E-IV-3, E-IV-4a, E-IV-4b, E-VI-5b, E-VI-5c, E-VI-5d"
REG-C14770FDFE,VALENTINE ENTERPRISE,Works,Valid,2/11/2026,yes,2/11/2026,,"F-I-1, F-I-2ia, F-I-2iia, F-I-2ib, F-I-2iib, F-II-5a, F-II-5b, F-II-5c, F-II-6a, F-II-6b, F-II-7, F-III-1a, F-III-1b, F-III-1c, F-III-1d, F-III-1e, F-III-2a"
REG-A0BA270A1F,PENATAI BARU ENTERPRISE,Works,Valid,26/12/2026,yes,26/12/2026,,"F-I-1, F-II-1a, F-II-1b, F-II-1c, F-II-2a, F-II-2b, F-II-5a, F-II-5b, F-II-5c, F-II-6a, F-II-6b, F-II-7, F-III-1a, F-III-1b, F-III-1c, F-III-1d, F-III-1e, F-III-2a"
REG-B4F113CCDC,FARWIZAH 2000 RESOURCES SDN. BHD.,Works,Valid,25/01/2027,yes,25/01/2027,,"E-II-5a, E-III-2c, E-III-2d, E-IV-4a, E-IV-4b"
REG-42544C355C,INDAH QIARA ENTERPRISE,Works,Valid,1/2/2027,yes,1/2/2027,,"F-I-1, F-II-1a, F-II-1b, F-II-1c, F-II-2a, F-II-2b, F-II-5a, F-II-5b, F-II-5c, F-II-6a, F-II-6b, F-II-7, F-III-1a, F-III-1b, F-III-1c, F-III-1d, F-III-1e, F-III-2a"
REG-024BFAAC6E,YOYOE ENTERPRISE,Works,Valid,8/1/2027,yes,8/1/2027,,"F-II-1a, F-II-1b, F-II-1c, F-II-2a, F-II-2b, F-II-5a, F-II-5b, F-II-5c, F-II-6a, F-II-6b"
REG-86BE4DB362,KAP GENERATION,Works,Valid,6/2/2027,yes,6/2/2027,,"F-III-1a, F-III-1b"
REG-DA22AAD87A,MILLION NGEMAH ENTERPRISE,Works,Valid,16/01/2027,yes,16/01/2027,,"F-II-1b, F-II-2a, F-II-5a, F-II-5b"
REG-70E311B474,SEBIROK TENGAH ENTERPRISE,Works,Valid,14/01/2027,yes,14/01/2027,,"F-II-5a, F-II-5c, F-II-6b, F-III-1b"
REG-CB526D41B6,SEMAYANG ENTERPRISE,Works,Valid,30/01/2027,yes,30/01/2027,,F-II-5c
REG-C5CE772D02,SYARIKAT PANG GENERAL TRADING & COMPANY,Works,Valid,8/2/2027,yes,8/2/2027,,"F-II-5a, F-II-5b, F-II-5c"
REG-04B54C7BD3,TEPA RINGGIT ENTERPRISE,Works,Valid,9/1/2027,yes,9/1/2027,,"F-II-5a, F-II-5c, F-II-6b, F-III-1b"
REG-55535EA4A1,FIELDTRAC ENGINEERING SDN BHD,Works,Valid,25/09/2026,yes,25/09/2026,,"C-I-1, C-I-2ia, C-I-2iia, C-I-2ib, C-I-2iib, C-I-3ia, C-I-3iia, C-II-1a, C-II-1b, C-II-1c, C-II-1d, C-II-2a, C-II-2b, C-II-3a, C-II-3b, C-II-3c, C-II-4, C-II-5a, C-II-5b, C-II-5c, C-II-6, C-II-6a, C-II-6b, C-II-7, C-II-8, C-II-9, C-II-10a, C-II-10b, C-II-10c, C-II-10d, C-II-10e, C-II-11, C-II-1a, C-II-1ib, C-II-1iib, C-II-1c, C-II-1id, C-II-1iid, C-II-2a, C-II-2b, C-II-2c, C-II-2d, C-II-3i, C-II-3ii, C-II-3iii, C-II-4a, C-II-4b, C-II-4c, C-II-4d, C-II-4e, C-II-4f, C-II-5ia, C-II-5iia, C-II-5iiia, C-II-5ib, C-II-5iib, C-II-5iiib, C-II-5c, C-II-6a, C-II-6b, C-II-6c, C-II-6d, C-II-6e, C-II-6f, C-II-6g, C-II-7a, C-II-7b, C-II-7c, C-II-7d, C-II-7e, C-II-7f, C-II-8a, C-II-8b, C-II-8c, C-II-8d, C-II-8e, C-II-9a, C-II-9b, C-II-9c, C-II-10, C-II-11a, C-II-11b, C-II-11c, C-II-12, C-III-1a, C-III-1b, C-III-1c, C-III-1d, C-III-1e, C-III-2a, C-III-2b, C-III-2c, C-III-2d, C-III-3a, C-III-3b, C-III-3c, C-III-4a, C-III-4b, C-III-4c, C-IV-1a, C-IV-1b, C-IV-2a, C-IV-4a, C-IV-4b"
REG-13BCF76886,PAZN PRIMA HOLDING (M) SDN BHD,Works,Valid,17/03/2027,yes,17/03/2027,,"D-IV-4a, D-IV-4b, E-I-1, E-II-1a, E-II-1b, E-II-1c, E-II-2a, E-II-2b, E-II-5a, E-II-5b, E-II-5c, E-II-6a, E-II-6b, E-II-7, E-III-4c"
REG-635CD11ED8,SYARIKAT ALAF BARU,Works,Valid,28/04/2027,yes,28/04/2027,,"F-II-1a, F-II-1b, F-II-1c, F-II-2a, F-II-2b, F-II-5a, F-II-5b, F-II-5c, F-II-6a, F-II-6b"
REG-AE90FEF38B,YIN KIE ENTERPRISE,Works,Valid,11/3/2027,yes,11/3/2027,,"F-II-2a, F-II-5c, F-II-6b"
REG-48D8C311FE,DIXIE ENTERPRISE,Works,Valid,29/05/2027,yes,29/05/2027,,"F-I-1, F-I-2ia, F-I-2iia, F-I-2ib, F-I-2iib, F-I-2iic, F-III-1a, F-III-1b, F-III-1c, F-III-1e"
REG-7D028E62D1,EVOLKON ENTERPRISE,Works,Valid,6/5/2027,yes,6/5/2027,,"F-I-1, F-II-1a, F-II-1b, F-II-1c, F-II-5a, F-II-5b, F-II-5c, F-II-6a, F-II-6b, F-II-7, F-III-1a, F-III-1b, F-III-1c, F-III-1d, F-III-1e"
REG-0154FD6D6F,JPRIME ENTERPRISE,Works,Valid,23/04/2027,yes,23/04/2027,,"F-I-1, F-II-5a, F-II-5b, F-II-5c, F-II-6b, F-III-1b"
REG-BBC159A9B8,SERANGIR ENTERPRISE,Works,Valid,5/3/2027,yes,5/3/2027,,"F-II-5a, F-II-5c, F-II-1a, F-II-1a, F-III-1a, F-III-1b, F-III-1c, F-III-1d, F-III-1e, F-III-2a"
REG-29D5208485,SYARIKAT BUKIT SIKUP,Works,Valid,22/02/2027,yes,22/02/2027,,"F-II-5a, F-II-5c, F-III-1b"
REG-271AF33AAE,TELAGA BAYU ENTERPRISE,Works,Valid,28/04/2027,yes,28/04/2027,,"F-II-1a, F-II-1b, F-II-1c, F-II-2a, F-II-2b, F-II-5a, F-II-5b, F-II-5c, F-II-6, F-II-7, F-III-1a, F-III-1b, F-III-1d, F-III-1e, F-III-2a"
REG-43B5E287AA,SEMBAWANG MANIS ENTERPRISE,Works,Valid,12/3/2027,yes,12/3/2027,,"F-II-5a, F-II-6b, F-III-1b"
REG-133AF4E93E,SURIA NDEX ENTERPRISE,Works,Valid,8/7/2026,yes,8/7/2026,,F-II-5a
REG-80BDF52D6B,JUNT DIAN RESOURCES,Works,Expired,2/3/2026,yes,2/3/2026,,"E-II-5a, E-II-5b, E-II-5c, E-II-6a, E-II-7, E-VI-5iia, E-VI-5b, E-VI-5c, E-VI-5d, E-VI-6"
REG-A817720E80,MFM ENTERPRISE,Works,Valid,12/9/2026,yes,12/9/2026,,"E-I-1, E-I-4a, E-I-4b, E-I-4c, E-III-1b, E-III-4c"
REG-8F7541E0CA,AAB ENTERPRISE,Works,Valid,11/9/2026,yes,11/9/2026,,"F-II-5a, F-II-5b"
REG-C4F2874C37,YET LAN ENTERPRISE KANOWIT,Works,Valid,23/09/2026,yes,23/09/2026,,"F-I-1, F-II-5a, F-II-5b"
REG-DEAB531C55,RJJ EXCELLENT ENTERPRISE,Works,Valid,18/11/2026,yes,18/11/2026,,"F-I-1, F-II-1d, F-II-2a, F-II-2b, F-II-5a, F-II-5b, F-II-5c, F-II-6, F-II-7, F-III-1a, F-III-1b, F-III-1c, F-III-1d, F-III-1e, F-III-2a"
REG-CF66B7A258,TERUSAN DERAS SDN. BHD.,Works,Valid,15/07/2026,yes,15/07/2026,,"E-I-1, E-I-2ia, E-I-2iia, E-I-2ib, E-I-2iib, E-I-2iic, E-I-3ia, E-I-3iia, E-I-3b, E-I-4a, E-I-4b, E-I-4c, E-I-5a, E-II-1a, E-II-2a, E-II-4, E-II-5a, E-II-5b, E-II-5c, E-III-1b, E-III-1c, E-III-1d, E-III-4c, E-IV-1a, E-IV-1b, E-IV-2a, E-IV-3, E-IV-4a, E-IV-4b"
REG-6C02EDAB95,MAJAU EMAS,Works,Valid,6/1/2027,yes,6/1/2027,,"F-II-5a, F-II-5b"
REG-E9D8BA900C,EDEN STAR CONSTRUTION,Works,Valid,5/1/2027,yes,5/1/2027,,"F-II-5a, F-II-5b, F-II-5c, F-II-6a, F-II-6b, F-II-7"
REG-84C2E31DF3,W & K CONSTRUCTION. COM,Works,Valid,22/01/2027,yes,22/01/2027,,F-I-1
REG-1E6247D6DB,PYRAMID TRADING,Works,Valid,16/07/2027,yes,16/07/2027,,"F-I-1, F-I-2ia, F-I-2iia, F-I-3ia, F-I-3iia, F-II-1a, F-II-1b, F-II-1c, F-II-1d, F-II-2a, F-II-2b, F-II-5a, F-II-5b, F-II-5c, F-II-6, F-II-7, F-III-1a, F-III-1b, F-III-1c, F-III-1d, F-III-1e, F-III-2a"
REG-6A14DCE08C,BEN BROTHERS ENTERPRISE,Works,Valid,21/09/2027,yes,21/09/2027,,"F-II-1a, F-II-1b, F-II-1c, F-II-1d, F-II-2a, F-II-2b, F-II-5a, F-II-5b, F-II-5c, F-II-6, F-II-7"
18/99,SYARIKAT TANAH SEBERAI,Works,Valid,,,,UPKJ/W/007112,"E-III-1(a), E-III-1(b), E-III-1(c), E-III-1(d), E-III-1(e), E-III-2(b), E-III-2(d), E-III-3(a), E-III-3(b), E-III-3(c), E-III-4(a), E-III-4(b), E-III-4(c), F-I-1, F-I-2(b)(i), F-I-2(b)(ii), F-I-2(c)(ii), F-I-3(a)(i), F-I-3(a)(ii), F-II-1(a), F-II-1(b), F-II-1(c), F-II-2(a), F-II-2(b), F-II-5(a), F-II-5(b), F-II-5(c), F-II-6(a), F-II-6(b), F-II-7, F-IV-1(a), F-IV-1(b), F-IV-2(a), F-IV-3, F-IV-4(a), F-IV-4(b), F-VI-5(b)"
KWT/SB2009012,TATAI MAS,Works,Valid,,,,UPK-K/12360,"EX-I-1, EX-I-2(a)(i), EX-I-2(a)(ii), EX-I-2(b)(i), EX-I-2(b)(ii), EX-VI-5(a)(i), EX-VI-5(a)(ii), EX-VI-5(b), F-II-1(a), F-II-1(b), F-II-1(c), F-II-2(a), F-II-2(b), F-II-5(a), F-II-5(b), F-II-5(c), F-II-6(a), F-II-6(b), F-II-7, F-III-1(b), F-III-1(d), F-III-2(d), F-III-3(a), F-III-3(b), F-III-3(c), F-IV-4(a), F-IV-4(b)"
KFLR,KF Legacy Resources,Works,Valid,01/01/2025 - 31/12/2028,Yes,01/01/2025 - 31/12/2028,UPKJ/SWK/SBW/1781591,"EX-I-1, EX-I-2(a)(i), EX-I-2(a)(ii), EX-I-2(b)(i), EX-I-2(b)(ii), EX-VI-5(a)(i), EX-VI-5(a)(ii), EX-VI-5(b), F-II-1(a), F-II-1(b), F-II-1(c), F-II-2(a), F-II-2(b), F-II-5(a), F-II-5(b), F-II-5(c), F-II-6(a), F-II-6(b), F-II-7, F-III-1(b), F-III-1(d), F-III-2(d), F-III-3(a), F-III-3(b), F-III-3(c), F-IV-4(a), F-IV-4(b)"
KFLR,KF Legacy Resources,Supplies & Services,Valid,01/01/2025 - 31/12/2028,Yes,01/01/2025 - 31/12/2028,UPKJ/SWK/SBW/1781592,"A-II-1c, A-II-4d, A-I-1c, A-I-2d"
